UUID,Fully specified name:es,Same as mappings,Data class,Data type,Members
39a6206a-d7d8-4a69-97c3-741a16c6be65,PROCTOSIGMOIDOSCOPÍA,SES_IMAGENES:45300,Radiology/Imaging Procedure,N/A,
7d042caa-710a-4742-b688-37c57c555eb1,SIGMOIDOSCOPÍA CON ULTRASONOGRAFÍA ENDOSCÓPICA,SES_IMAGENES:45341,Radiology/Imaging Procedure,N/A,
ee0e8439-9c4a-4042-b95b-09ae03806fa8,FIBROCOLONOSCOPÍA DERECHA,SES_IMAGENES:45356,Radiology/Imaging Procedure,N/A,
a4b07d31-764a-4108-a276-bb61f999ec14,FIBROCOLONOSCOPÍA IZQUIERDA,SES_IMAGENES:45357,Radiology/Imaging Procedure,N/A,
4be0def1-a2cb-4cb5-89a0-bf9d4fe3997d,VIDEOCOLONOSCOPÍA DERECHA,SES_IMAGENES:45358,Radiology/Imaging Procedure,N/A,
d567f5ad-64bd-4a5e-85bf-05cb07b6ecaa,VIDEOCOLONOSCOPÍA IZQUIERDA,SES_IMAGENES:45359,Radiology/Imaging Procedure,N/A,
0da84560-01ba-4a37-bdaa-282c383779fa,"COLONOSCOPÍA DIAGNÓSTICA, FLEXIBLE",SES_IMAGENES:45378,Radiology/Imaging Procedure,N/A,
d2a03dd6-82c3-46f4-a6bf-5c57bffe0360,COLONOSCOPÍA CON BIOPSIA,SES_IMAGENES:45380,Radiology/Imaging Procedure,N/A,
0d21ebb2-ea19-49a6-9e6c-df53daaec171,EXAMEN RADIOLÓGICO PARCIAL DE MANDÍBULA (3 PLACAS),SES_IMAGENES:70100,Radiology/Imaging Procedure,N/A,
89c48150-c2e4-47b6-a255-4ce5d61381d5,EXAMEN RADIOLÓGICO PARCIAL DE MASTOIDES (4 PLACAS),SES_IMAGENES:70120,Radiology/Imaging Procedure,N/A,
e27c18eb-cb04-436e-adcb-afc7a69567ce,EXAMEN RADIOLÓGICO COMPLETO DE MEATOS AUDITIVOS INTERNOS,SES_IMAGENES:70134,Radiology/Imaging Procedure,N/A,
1da6cff0-73d9-4a8d-8840-da433ea79c8d,EXAMEN RADIOLÓGICO PARCIAL DE HUESOS FACIALES (2 PLACAS),SES_IMAGENES:70140,Radiology/Imaging Procedure,N/A,
c061e0be-9cfb-4610-ab51-85bb7217047d,EXAMEN RADIOLÓGICO COMPLETO DE HUESOS NASALES (2 PLACAS),SES_IMAGENES:70160,Radiology/Imaging Procedure,N/A,
25b55d3a-f8ef-4edc-bebb-bb46130c9b30,DACRIOCISTOGRAFÍA DE CONDUCTO NASOLAGRIMAL,SES_IMAGENES:70170,Radiology/Imaging Procedure,N/A,
3386fe3f-7e64-4a80-8053-1c749a32b2cc,EXAMEN RADIOLÓGICO DE FORÁMENES ÓPTICOS (2 PLACAS),SES_IMAGENES:70190,Radiology/Imaging Procedure,N/A,
08f019a5-2e1a-4562-96bb-4fd359cd4f27,EXAMEN COMPLETO DE ÓRBITAS (2 PLACAS),SES_IMAGENES:70200,Radiology/Imaging Procedure,N/A,
bbd1f2d7-52ae-463c-9ec5-46f84e70b699,EXAMEN RADIOLÓGICO COMPLETO DE SENOS PARANASALES (3 PLACAS),SES_IMAGENES:70220,Radiology/Imaging Procedure,N/A,
420f2ed4-5443-4608-b920-fd35bec2bf5b,EXAMEN RADIOLÓGICO DE SILLA TURCA (2 PLACAS),SES_IMAGENES:70240,Radiology/Imaging Procedure,N/A,
56afbb1b-24a6-42b0-89bb-12f76b3f4fad,"RADIOGRAFÍA DE CRÁNEO, MENOS DE CUATRO PLACAS",SES_IMAGENES:70250,Radiology/Imaging Procedure,N/A,
7bbdea16-4a05-4ff4-b78d-58ccb78d9814,"RADIOGRAFÍA DE CRÁNEO, CUATRO PLACAS",SES_IMAGENES:70260,Radiology/Imaging Procedure,N/A,
8284c570-73ec-46d7-87a1-ca3b1e906215,RADIOGRAFÍA DENTAL PANORÁMICA,SES_IMAGENES:70320,Radiology/Imaging Procedure,N/A,
74e2c3d9-dd5c-4a83-b3ad-f2195b70b656,"EXAMEN RADIOLÓGICO DE ARTICULACIÓN TÉMPOROMANDIBULAR, BOCA ABIERTA Y CERRADA, UNILATERAL  (2 PLACAS)",SES_IMAGENES:70328,Radiology/Imaging Procedure,N/A,
3d5562e5-4943-4885-b897-62debf3aedc6,ARTROGRAFÍA DE ARTICULACIÓN TÉMPOROMANDIBULAR,SES_IMAGENES:70332,Radiology/Imaging Procedure,N/A,
4fcfe679-dec1-4d3a-b5dd-d2c1f8e57b8e,"EXAMEN RADIOLÓGICO, CUELLO, TEJIDOS BLANDOS",SES_IMAGENES:70360,Radiology/Imaging Procedure,N/A,
fd3405de-d97c-4021-a326-e9faf4ba8bd2,LARINGOGRAFÍA CONTRASTADA ,SES_IMAGENES:70373,Radiology/Imaging Procedure,N/A,
891f22b3-cc30-48af-9a83-95d994971902,SIALOGRAFÍA (3 PLACAS) ,SES_IMAGENES:70390,Radiology/Imaging Procedure,N/A,
5350a857-64ec-47a2-9d0c-c1e4d8940842,ARTERIOGRAFÍA CEREBRAL BILATERAL ,SES_IMAGENES:70391,Radiology/Imaging Procedure,N/A,
828ad72f-192e-4131-ad87-ceb932401f90,TEM CEREBRO SIN CONTRASTE,SES_IMAGENES:70450,Radiology/Imaging Procedure,N/A,
6ec451b5-24f9-4125-b22a-31e5e4e4c175,TEM CEREBRO CON CONTRASTE,SES_IMAGENES:70460,Radiology/Imaging Procedure,N/A,
7b2550b3-f2a5-45c9-92b2-5902c2defb20,"TOMOGRAFÍA AXIAL COMPUTARIZADA DE ÓRBITA, SILLA TURCA O FOSA POSTERIOR, U OÍDO EXTERNO, MEDIO O INTERNO SIN MATERIAL DE CONTRASTE",SES_IMAGENES:70480,Radiology/Imaging Procedure,N/A,
c2812bed-7b74-4aa4-a947-78c437e558c4,TEM MACIZO FACIAL SIN CONTRASTE,SES_IMAGENES:70486,Radiology/Imaging Procedure,N/A,
d430fb40-27b1-4714-9cb2-291bc1a00dc6,TEM MACIZO FACIAL CON CONTRASTE,SES_IMAGENES:70488,Radiology/Imaging Procedure,N/A,
00ee12e2-b26c-4511-8049-08541df520d9,"TOMOGRAFÍA AXIAL COMPUTARIZADA, TEJIDO BLANDO DEL CUELLO, SIN MATERIAL DE CONTRASTE",SES_IMAGENES:70490,Radiology/Imaging Procedure,N/A,
bb70315b-0bce-40be-be36-24516dacb506,TEM CUELLO CON CONTRASTE,SES_IMAGENES:70492,Radiology/Imaging Procedure,N/A,
2f99818b-49c2-46c8-8b75-f2a8df10d379,ANGIOTEM CEREBRAL,SES_IMAGENES:70496,Radiology/Imaging Procedure,N/A,
596d4234-d818-4529-aebe-4690a8a66a91,RM ANGIOGRAFIA CEREBRAL CON TIEMPO VUELO (SIN CONTRASTE),SES_IMAGENES:70544,Radiology/Imaging Procedure,N/A,
bddba8f6-7259-40cd-9560-affdb1716618,RM ANGIOGRAFIA CEREBRAL CON CONTRASTE,SES_IMAGENES:70546,Radiology/Imaging Procedure,N/A,
22d65a60-9794-4d72-b575-eb798729aadb,RM ANGIOGRAFIA CAROTIDAS,SES_IMAGENES:70549,Radiology/Imaging Procedure,N/A,
d24d2491-3bc0-4ccf-aa66-0b02dbf3bf45,ENCEFALO FUNCIONAL,SES_IMAGENES:70555,Radiology/Imaging Procedure,N/A,
9504b9f6-493d-4da5-8361-06699bdc7e83,"EXAMEN RADIOLÓGICO, TÓRAX, VISTA ÚNICA, FRONTAL.",SES_IMAGENES:71010,Radiology/Imaging Procedure,N/A,
07292eb7-352f-4e11-8e4e-f539d7120b90,"EXAMEN RADIOLÓGICO, TÓRAX, FRONTAL Y LATERAL",SES_IMAGENES:71020,Radiology/Imaging Procedure,N/A,
89029af9-29a7-4caf-8874-e346b1cc346e,RADIOGRAFÍA DE DECÚBITO LATERAL CON RAYO HORIZONTAL,SES_IMAGENES:71035,Radiology/Imaging Procedure,N/A,
4c1d82fd-35fb-471e-aaf7-473592f21374,BRONQUIOGRAFÍA UNILATERAL,SES_IMAGENES:71040,Radiology/Imaging Procedure,N/A,
9471d705-ef22-44e1-819a-87b54d085e24,EXAMEN RADIOLÓGICO DE PARRILLA COSTAL (2 PLACAS),SES_IMAGENES:71100,Radiology/Imaging Procedure,N/A,
2d542c7d-fa41-43d1-acfa-7d71ed3fd8ab,"EXAMEN RADIOLÓGICO DE ESTERNÓN, MÍNIMO DE DOS INCIDENCIAS",SES_IMAGENES:71120,Radiology/Imaging Procedure,N/A,
0f14dc48-9548-4fc2-9167-302b374836e7,"TOMOGRAFÍA AXIAL COMPUTARIZADA DE TÓRAX, SIN MATERIAL DE CONTRASTE",SES_IMAGENES:71250,Radiology/Imaging Procedure,N/A,
32ba770a-8009-46b2-b237-24feee951c33,TEM TORAX CON CONTRASTE,SES_IMAGENES:71270,Radiology/Imaging Procedure,N/A,
5e83de09-30e5-49df-8c48-d6c5d6224bf4,ANGIOTEM DE TORAX NO CORONARIA,SES_IMAGENES:71275,Radiology/Imaging Procedure,N/A,
5e75facb-bf88-4808-91fd-9fec1f8f0cc5,"EXAMEN RADIOLÓGICO DE COLUMNA VERTEBRAL COMPLETA, ANTEROPOSTERIOR Y LATERAL",SES_IMAGENES:72010,Radiology/Imaging Procedure,N/A,
553273a9-9083-48d3-8654-2af609a054f0,"EXAMEN RADIOLÓGICO DE COLUMNA VERTEBRAL, VISTA ÚNICA",SES_IMAGENES:72020,Radiology/Imaging Procedure,N/A,
1fe72e44-f248-4349-a0d4-efe9a2fba44d,"EXAMEN RADIOLÓGICO DE COLUMNA CERVICAL, 2 O 3 INCIDENCIAS",SES_IMAGENES:72040,Radiology/Imaging Procedure,N/A,
01d170c7-af9b-4d24-8f7a-4ef9b581ebd4,"EXAMEN RADIOLÓGICO DE COLUMNA CERVICAL, MÍNIMO DE CUATRO INCIDENCIAS (4 PLACAS)",SES_IMAGENES:72050,Radiology/Imaging Procedure,N/A,
c5c53e03-0f10-44fd-934a-7cbe837ed2f9,"EXAMEN RADIOLÓGICO DE COLUMNA CERVICAL COMPLETO, INCLUYENDO ESTUDIOS OBLÍCUOS, DE FLEXIÓN Y/O DE EXTENSIÓN (4 PLACAS)",SES_IMAGENES:72052,Radiology/Imaging Procedure,N/A,
a554bd43-9c73-417c-943c-40510a72440f,"EXAMEN RADIOLÓGICO DE COLUMNA VERTEBRAL TORÁCICA, DOS INCIDENCIAS (2 PLACAS)",SES_IMAGENES:72070,Radiology/Imaging Procedure,N/A,
a40237ca-8e5d-40bf-b6db-5caf56957896,"EXAMEN RADIOLÓGICO DE COLUMNA TORÁCICA, MÍNIMO DE CUATRO INCIDENCIAS (4 PLACAS)",SES_IMAGENES:72074,Radiology/Imaging Procedure,N/A,
9bc99f74-509f-42fb-893f-287ed0945037,EXAMEN RADIOLÓGICO DE COLUMNA DORSOLUMBAR (2 PLACAS),SES_IMAGENES:72080,Radiology/Imaging Procedure,N/A,
c78514d3-e394-4eac-bef4-ce51f5c80f00,EXAMEN RADIOLÓGICO DE COLUMNA LUMBOSACRA (2 A 3 VISTAS),SES_IMAGENES:72100,Radiology/Imaging Procedure,N/A,
53fcb44f-aeb5-4d6a-8972-eb4ba7e2fee6,"EXAMEN RADIOLÓGICO DE COLUMNA LUMBOSACRA, MÍNIMO DE CUATRO INCIDENCIAS (4 PLACAS)",SES_IMAGENES:72110,Radiology/Imaging Procedure,N/A,
09177be4-6470-4caa-8c5b-f1bffd2efc89,"RADIOLÓGICO DE PELVIS, MÍNIMO 4 INCIDENCIAS (4 PLACAS)",SES_IMAGENES:72120,Radiology/Imaging Procedure,N/A,
424225c9-6601-408f-9334-1e015dfac33b,TEM COLUMNA CERVICAL SIN CONTRASTE,SES_IMAGENES:72125,Radiology/Imaging Procedure,N/A,
ae7ceabc-f417-4fcb-8df4-9ad50144c99c,TEM COLUMNA CERVICAL CON CONTRASTE,SES_IMAGENES:72127,Radiology/Imaging Procedure,N/A,
6d727049-e2c2-4c94-a1b6-d5ffc2f4af5f,TEM COLUMNA DORSAL SIN CONTRASTE,SES_IMAGENES:72128,Radiology/Imaging Procedure,N/A,
313c8a9c-accc-4579-8a21-ad2633f4545a,TEM COLUMNA DORSAL CON CONTRASTE,SES_IMAGENES:72130,Radiology/Imaging Procedure,N/A,
5f59014c-2b8b-4a41-9df3-e9cb62830091,TEM COLUMNA LUMBO-SACRA CON CONTRASTE,SES_IMAGENES:72133,Radiology/Imaging Procedure,N/A,
95b99409-7509-413e-9dd2-85c2947a62fc,RM COLUMNA CERVICAL SIN CONTRASTE,SES_IMAGENES:72141,Radiology/Imaging Procedure,N/A,
c8840af9-8063-4d61-9232-45a561693511,RM COLUMNA CERVICAL CON CONTRASTE,SES_IMAGENES:72142,Radiology/Imaging Procedure,N/A,
2181fd83-35d8-4182-88cf-90f982160b50,RM COLUMNA DORSAL SIN CONTRASTE,SES_IMAGENES:72146,Radiology/Imaging Procedure,N/A,
e601fb8c-c40e-4eec-a5ed-c939b5a24fb5,RM COLUMNA DORSAL CON CONTRASTE,SES_IMAGENES:72147,Radiology/Imaging Procedure,N/A,
b9693593-59b7-42c3-9f96-f3ccd6135199,RM COLUMNA LUMBO- SACRO SIN CONTRASTE,SES_IMAGENES:72148,Radiology/Imaging Procedure,N/A,
06864a54-9a97-4725-bd73-4f1221acea3f,RM COLUMNA LUMBO- SACRO CON CONTRASTE,SES_IMAGENES:72149,Radiology/Imaging Procedure,N/A,
fb929658-b5b2-4034-8fc6-ec3db328ceb1,"EXAMEN RADIOLÓGICO DE PELVIS, UNA O DOS INCIDENCIAS",SES_IMAGENES:72170,Radiology/Imaging Procedure,N/A,
d0836841-b137-4050-b8a2-30dc9596819d,"EXAMEN RADIOLÓGICO DE PELVIS COMPLETO, MÍNIMO DE TRES INCIDENCIAS (3 PLACAS)",SES_IMAGENES:72190,Radiology/Imaging Procedure,N/A,
989711fd-26b8-4c06-9449-57233d5249e0,TEM PELVIS OSEA SIN CONTRASTE,SES_IMAGENES:72192,Radiology/Imaging Procedure,N/A,
c4859f63-d860-4c25-95a2-53a0a4b31d36,"EXAMEN RADIOLÓGICO, ARTICULACIONES SACROILÍACAS, MENOS DE TRES INCIDENCIAS (3 PLACAS)",SES_IMAGENES:72200,Radiology/Imaging Procedure,N/A,
c444d0f1-1754-4dd2-b6a2-d91ec014aa50,MIELOGRAFIA COLUMNA TORACICA SIN CONTRASTE,SES_IMAGENES:72221,Radiology/Imaging Procedure,N/A,
dfc6a725-88ab-46fb-b851-f710bbbfd235,"MIELOGRAFÍA DE CANAL ESPINAL COMPLETO, SUPERVISIÓN E INTERPRETACIÓN RADIOLÓGICAS",SES_IMAGENES:72270,Radiology/Imaging Procedure,N/A,
a153980b-7973-4a42-b640-ec9602eb3dee,"DISCOGRAFÍA CERVICAL, SUPERVISIÓN E INTERPRETACIÓN RADIOLÓGICAS ",SES_IMAGENES:72285,Radiology/Imaging Procedure,N/A,
1cde479d-e5b7-406f-91e2-ac51bcfa850d,EXAMEN RADIOLÓGICO DE CLAVÍCULA (1 PLACA),SES_IMAGENES:73000,Radiology/Imaging Procedure,N/A,
56ec2638-7981-4761-aafc-bea14b176807,"EXAMEN RADIOLÓGICO DE ESCÁPULA, COMPLETO",SES_IMAGENES:73010,Radiology/Imaging Procedure,N/A,
f77bbf4c-260a-4def-970c-42484f358942,EXAMEN RADIOLÓGICO DE HOMBRO (1 PLACA),SES_IMAGENES:73020,Radiology/Imaging Procedure,N/A,
87b9c1ee-3db5-4387-a4c2-e8cfd4c3f744,"EXAMEN RADIOLÓGICO DE HOMBRO,  2 INCIDENCIAS (2 PLACAS)",SES_IMAGENES:73030,Radiology/Imaging Procedure,N/A,
b4f3c7a8-5fdb-4f10-8742-2cd515396bd7,ARTROGRAFÍA DE HOMBRO (5 PLACAS),SES_IMAGENES:73040,Radiology/Imaging Procedure,N/A,
1fe1288a-971e-45f2-b1be-37f958b3ba55,"EXAMEN RADIOLÓGICO DE HÚMERO,  (2 PLACAS)",SES_IMAGENES:73060,Radiology/Imaging Procedure,N/A,
67720c42-d0fd-471f-9860-54234f61a8c6,EXAMEN RADIOLÓGICO DE CODO (2 PLACAS),SES_IMAGENES:73070,Radiology/Imaging Procedure,N/A,
ea53694e-5450-475b-b8de-03d88413f7c1,"EXAMEN RADIOLÓGICO DE CODO, TRES INCIDENCIAS",SES_IMAGENES:73080,Radiology/Imaging Procedure,N/A,
163ad499-c3d2-4b66-bb90-074967c86bbc,ARTROGRAFÍA DE CODO (5 PLACAS),SES_IMAGENES:73085,Radiology/Imaging Procedure,N/A,
f0420ed4-8a55-4923-bc60-ceb42393831a,"EXAMEN RADIOLÓGICO DE ANTEBRAZO, DOS INCIDENCIAS (2 PLACAS)",SES_IMAGENES:73090,Radiology/Imaging Procedure,N/A,
a8c74d5e-87be-4d70-9d26-477bcd02ddba,"EXAMEN RADIOLÓGICO DE MUÑECA, DOS INCIDENCIAS (2 PLACAS)",SES_IMAGENES:73100,Radiology/Imaging Procedure,N/A,
5ae75803-7be9-4a4c-96f3-c2a9e5b63468,"EXAMEN RADIOLÓGICO DE MUÑECA,  3 VISTAS",SES_IMAGENES:73110,Radiology/Imaging Procedure,N/A,
71439c15-b862-4d81-abe9-304f09a8592d,ARTROGRAFÍA DE MUÑECA (5 PLACAS),SES_IMAGENES:73115,Radiology/Imaging Procedure,N/A,
c3a4f275-75a4-4d97-9661-7fbebfeb23d5,"EXAMEN RADIOLÓGICO DE MANO, MÍNIMO DOS INCIDENCIAS (2 PLACAS)",SES_IMAGENES:73120,Radiology/Imaging Procedure,N/A,
1610b936-6ea2-4e0f-a324-cf9049eb9c30,"EXAMEN RADIOLÓGICO DE MANO, MÍNIMO TRES INCIDENCIAS (3 PLACAS)",SES_IMAGENES:73130,Radiology/Imaging Procedure,N/A,
283c80b4-4272-4134-98a1-cfbbc4ecea2f,"EXAMEN RADIOLÓGICO DE DEDOS DE MANOS, MÍNIMO DOS INCIDENCIAS (2 PLACAS)",SES_IMAGENES:73140,Radiology/Imaging Procedure,N/A,
41dca8ee-33e9-449b-9c15-027b573a769e,"TOMOGRAFÍA AXIAL COMPUTARIZADA, EXTREMIDAD SUPERIOR, SIN MATERIAL DE CONTRASTE",SES_IMAGENES:73200,Radiology/Imaging Procedure,N/A,
44d9f34f-b799-4a69-8ad4-f93386392458,ANGIOTEM DE EXTREMIDAD SUPERIOR CON CONTRASTE.,SES_IMAGENES:73206,Radiology/Imaging Procedure,N/A,
66eee6b6-6f0d-465c-991c-9ea17802b0ea,RM ANGIOGRAFIA MIEMBROS SUPERIORES,SES_IMAGENES:73225,Radiology/Imaging Procedure,N/A,
fd3f3698-30e1-468f-991b-ab8ddbbd27e2,"EXAMEN RADIOLÓGICO, CADERA, DE DOS VISTAS (2 PLACAS)",SES_IMAGENES:73510,Radiology/Imaging Procedure,N/A,
905dd4a8-3f28-4d4e-8791-6f9f7b12dd50,"EXAMEN RADIOLÓGICO BILATERAL DE CADERA, MÍNIMO DOS INCIDENCIAS DE CADA CADERA (2 PLACAS)",SES_IMAGENES:73520,Radiology/Imaging Procedure,N/A,
0c912a4b-b0ec-4587-86e8-67b3cfd7bcc8,ARTROGRAFÍA DE CADERA(5 PLACAS),SES_IMAGENES:73525,Radiology/Imaging Procedure,N/A,
73f73cb7-16c4-478f-ab09-97217fd2909e,ARTROGRAFÍA DE ARTICULACIÓN SACROILÍACA (5 PLACAS),SES_IMAGENES:73542,Radiology/Imaging Procedure,N/A,
63f637e6-3b84-40ee-b3b1-d36713c853d8,"RADIOGRAFÍA DE FÉMUR, DOS INCIDENCIAS (2 PLACAS)",SES_IMAGENES:73550,Radiology/Imaging Procedure,N/A,
ce6e52d7-fae3-430a-ace1-ab8380935595,"EXAMEN RADIOLÓGICO DE RODILLA,  DOS INCIDENCIAS (2 PLACAS)",SES_IMAGENES:73560,Radiology/Imaging Procedure,N/A,
4cd94658-0c19-49b2-8be9-09ac11f2b089,"EXAMEN RADIOLÓGICO DE RODILLA,  TRES INCIDENCIAS (3 PLACAS)",SES_IMAGENES:73562,Radiology/Imaging Procedure,N/A,
dbe5bdbe-127d-453c-98c8-23116103a9cd,ARTROGRAFÍA DE RODILLA (5 PLACAS),SES_IMAGENES:73580,Radiology/Imaging Procedure,N/A,
4719f6a7-d12c-441c-8e0d-307173da72f8,"RADIOGRAFÍA DE TIBIA Y PERONÉ, DOS INCIDENCIAS (2 PLACAS)",SES_IMAGENES:73590,Radiology/Imaging Procedure,N/A,
72c87a14-d49e-4216-8c74-fcbdbf5741a0,"EXAMEN RADIOLÓGICO DE TOBILLO, 2 INCIDENCIAS (2 PLACAS)",SES_IMAGENES:73600,Radiology/Imaging Procedure,N/A,
b93ebf91-54fa-46cb-bff4-7a9dd05b35ef,ARTROGRAFÍA DE TOBILLO (5 PLACAS),SES_IMAGENES:73615,Radiology/Imaging Procedure,N/A,
913b0ca5-b124-4ad9-90f9-a19111d66b19,"EXAMEN RADIOLÓGICO DE PIE COMPLETO, MÍNIMO DOS INCIDENCIAS (2 PLACAS)",SES_IMAGENES:73620,Radiology/Imaging Procedure,N/A,
33033fd5-73cd-4a2f-a4f3-02ffbfef437a,"EXAMEN RADIOLÓGICO DE PIE COMPLETO, MÍNIMO TRES INCIDENCIAS (3 PLACAS)",SES_IMAGENES:73630,Radiology/Imaging Procedure,N/A,
41918440-cf1b-4831-9574-a2371cd8b0d3,TOMOGRAFÍA AXIAL COMPUTARIZADA DE MIEMBRO INFERIOR SIN MATERIAL DE CONTRASTE,SES_IMAGENES:73700,Radiology/Imaging Procedure,N/A,
2a72b18f-ba81-4f3d-b6ed-7404fd0f95b6,ANGIOTEM EXTREMIDADES INFERIORES,SES_IMAGENES:73706,Radiology/Imaging Procedure,N/A,
6c573e99-9d8a-4eee-8a68-b6fa47bae25a,RM ANGIOGRAFIA MIEMBROS INFERIORES,SES_IMAGENES:73725,Radiology/Imaging Procedure,N/A,
4a8f367e-aa6f-40d5-bf75-e97b77916b51,EXAMEN RADIOLÓGICO DE ABDOMEN AP,SES_IMAGENES:74000,Radiology/Imaging Procedure,N/A,
9fdd649e-7475-4755-93d2-a8776a1cfbbe,"EXAMEN RADIOLÓGICO DE ABDOMEN COMPLETA, INCLUYE INCIDENCIA DE PIE Y/O DECÚBITO",SES_IMAGENES:74020,Radiology/Imaging Procedure,N/A,
5e9e96d5-96f0-4a17-88da-8f8240906f95,TEM DE ABDOMEN COMPLETO SIN CONTRASTE,SES_IMAGENES:74150,Radiology/Imaging Procedure,N/A,
31d6fd5c-fdc3-43f1-b1b1-e28e15e6aaf6,TEM DE ABDOMEN COMPLETO CON CONTRASTE,SES_IMAGENES:74170,Radiology/Imaging Procedure,N/A,
d814a641-f481-45d9-ae36-31defcc9824d,PERITONEOGRAMA,SES_IMAGENES:74190,Radiology/Imaging Procedure,N/A,
1bae4c16-0ecf-4a27-a2ad-81d7661a83d9,EXAMEN RADIOLÓGICO DE ESÓFAGO (2 PLACAS),SES_IMAGENES:74220,Radiology/Imaging Procedure,N/A,
857c0022-b84f-4695-9c02-92f7394b9974,EXAMEN RADIOLÓGICO DE TRACTO GASTROINTESTINAL SUPERIOR A DOBLE CONTRASTE SIN KUB (8 PLACAS),SES_IMAGENES:74246,Radiology/Imaging Procedure,N/A,
7b7c8c39-2865-46cb-8f4a-492923cecb73,"EXAMEN RADIOLÓGICO DE TRACTO GASTROINTESTINAL SUPERIOR A DOBLE CONTRASTE CON KUB, Y CONTROL DE INTESTINO DELGADO (6 PLACAS)",SES_IMAGENES:74249,Radiology/Imaging Procedure,N/A,
a40ce0c8-6281-4737-b5df-4013b8ad073a,"EXAMEN RADIOLÓGICO DE INTESTINO DELGADO, CON MÚLTIPLES PLACAS SERIADAS",SES_IMAGENES:74250,Radiology/Imaging Procedure,N/A,
33f66874-1dfc-4891-9cd2-c49d2eb55253,"EXAMEN RADIOLÓGICO DE COLON CON CONTRASTE DE AIRE Y BARIO ESPECÍFICO DE ALTA DENSIDAD, CON O SIN GLUCAGÓN(6 PLACAS)",SES_IMAGENES:74280,Radiology/Imaging Procedure,N/A,
f687c194-9c74-44ad-9d9e-7248db29ded8,COLECISTOGRAFÍA ORAL (3 PLACAS),SES_IMAGENES:74290,Radiology/Imaging Procedure,N/A,
e00c3ac2-1aea-47ce-a599-8c4043cf6218,COLANGIOGRAFÍA Y/O PANCREATOGRAFÍA INTRAQUIRÚRGICA (3 PLACAS),SES_IMAGENES:74300,Radiology/Imaging Procedure,N/A,
e8e3a259-5f33-4a1f-a062-398007e00039,COLANGIOGRAFÍA Y/O PANCREATOGRAFÍA INTRAQUIRÚRGICA ADICIONAL (2 PLACAS),SES_IMAGENES:74301,Radiology/Imaging Procedure,N/A,
1467dec8-a2a5-4812-8050-77f7b7bc4991,COLANGIOGRAFÍA Y PANCREATOGRAFÍA A TRAVÉS DE CATÉTER EXISTENTE (3 PLACAS),SES_IMAGENES:74305,Radiology/Imaging Procedure,N/A,
d2244ae6-6d40-49c8-8378-a7deec3cdfae,COLANGIOGRAFÍA PERCUTÁNEA TRANSHEPÁTICA (3 PLACAS),SES_IMAGENES:74320,Radiology/Imaging Procedure,N/A,
3b7ca5fa-8fdc-410b-9dc0-ac7202d61f28,UROGRAFÍA EXCRETORIA (4 PLACAS),SES_IMAGENES:74400,Radiology/Imaging Procedure,N/A,
f6d84b92-5b54-4312-a044-bce4956bd904,"UROGRAFÍA, INFUSIÓN POR GOTEO Y/O EN BOLO(4 PLACAS)",SES_IMAGENES:74410,Radiology/Imaging Procedure,N/A,
8627acf1-8813-40f8-9d5d-bcceefb31e41,UROGRAFÍA RETRÓGRADA,SES_IMAGENES:74420,Radiology/Imaging Procedure,N/A,
34e84545-e018-4ed0-8af7-f6329e23510b,UROGRAFÍA ANTERÓGRADA,SES_IMAGENES:74425,Radiology/Imaging Procedure,N/A,
fd7da5c2-0997-4148-97ed-4278758881a3,"CISTOGRAFÍA, MÍNIMO TRES INCIDENCIAS (3 PLACAS)",SES_IMAGENES:74430,Radiology/Imaging Procedure,N/A,
c51a13a0-406a-4d47-9de3-e11fc90736f1,URETROCISTOGRAFÍA RETRÓGRADA(2 PLACAS),SES_IMAGENES:74450,Radiology/Imaging Procedure,N/A,
6447d1f4-807d-4ab9-9f0f-f16a651ae7ea,"DILATACIÓN DE NEFROSTOMÍA, URÉTERES O URETRA",SES_IMAGENES:74485,Radiology/Imaging Procedure,N/A,
fc6d8c01-5eb3-45b6-b446-b300cc03c16e,"PELVIMETRÍA, CON O SIN UBICACIÓN PLACENTARIA (3 PLACAS)",SES_IMAGENES:74710,Radiology/Imaging Procedure,N/A,
269c8805-8ab7-402c-af7c-b34203687479,HISTEROSALPINGOGRAFÍA (4 PLACAS),SES_IMAGENES:74740,Radiology/Imaging Procedure,N/A,
b43b5f17-16ec-4fca-a5de-ea193247b040,TEM ABDOMEN INFERIOR CON CONTRASTE,SES_IMAGENES:75194,Radiology/Imaging Procedure,N/A,
16405fef-c85b-4169-93ec-b4139412c668,RM CORAZON MORFOLOGICO CON CONTRASTE,SES_IMAGENES:75553,Radiology/Imaging Procedure,N/A,
922963ee-f1c4-4e0d-b3b6-6315f2b25025,RM MAPEO DE VELOCIDAD DE FLUJO  DE GRANDES ARTERIAS,SES_IMAGENES:75556,Radiology/Imaging Procedure,N/A,
0d6713cd-1619-48a8-a265-1445119fba6d,AORTOGRAFÍA TORÁCICA SIN ESTUDIO SERIADO,SES_IMAGENES:75600,Radiology/Imaging Procedure,N/A,
995a8201-6571-4ed7-aaba-ceeaccad5cad,AORTOGRAFÍA ABDOMINAL POR ESTUDIO SERIADO,SES_IMAGENES:75625,Radiology/Imaging Procedure,N/A,
dd1d5180-1234-4d22-8dce-77fda8f898fb,ANGIOTEM AORTA ABDOMINAL,SES_IMAGENES:75635,Radiology/Imaging Procedure,N/A,
18ec7e2c-6a78-49ad-b572-a5bff609f308,ANGIOGRAFÍA CÉRVICO-CEREBRAL (6 PLACAS),SES_IMAGENES:75650,Radiology/Imaging Procedure,N/A,
70e12877-fdd8-49fd-895f-6aba5281086f,ANGIOGRAFÍA BRAQUIAL RETRÓGRADA,SES_IMAGENES:75658,Radiology/Imaging Procedure,N/A,
5717b990-ecbb-45f0-b7b6-b1cee7c12000,ANGIOGRAFÍA ESPINAL SELECTIVA,SES_IMAGENES:75705,Radiology/Imaging Procedure,N/A,
021f8102-058e-4fdf-96da-acb02d14526b,"ANGIOGRAFÍA DE EXTREMIDAD, UNILATERAL (4 PLACAS)",SES_IMAGENES:75710,Radiology/Imaging Procedure,N/A,
82e041f7-38cf-40f3-aa12-d62ee74080d6,ANGIOGRAFÍA VISCERAL SELECTIVA O SUPRASELECTIVA (6 PLACAS),SES_IMAGENES:75726,Radiology/Imaging Procedure,N/A,
b0dfe6f7-63a3-4c3b-9cf2-9b83a60d1169,LINFANGIOGRAFÍA UNILATERAL DE EXTREMIDAD,SES_IMAGENES:75801,Radiology/Imaging Procedure,N/A,
a4db7ae0-4c22-4dd0-9041-6ad0e3e0ec8a,ESPLENOPORTOGRAFÍA (4 PLACAS),SES_IMAGENES:75810,Radiology/Imaging Procedure,N/A,
0a9dd5d3-085e-415e-bffa-53a2dac1c50a,VENOGRAFÍA UNILATERAL DE EXTREMIDAD,SES_IMAGENES:75820,Radiology/Imaging Procedure,N/A,
84adc88e-8a34-47eb-901f-0356d7529b64,VENOGRAFÍA SERIADA DE LA CAVA INFERIOR (3 PLACAS),SES_IMAGENES:75825,Radiology/Imaging Procedure,N/A,
4c4d2766-bae8-4894-b1c1-851e9f18d9fe,VENOGRAFÍA SERIADA DE LA CAVA SUPERIOR  (3 PLACAS),SES_IMAGENES:75827,Radiology/Imaging Procedure,N/A,
e7b7bec2-0c9a-4203-9fa5-84e93571a22c,VENOGRAFÍA RENAL UNILATERAL SELECTIVA ,SES_IMAGENES:75831,Radiology/Imaging Procedure,N/A,
bd4eec1e-a721-4a0b-b021-470faf9e66aa,PORTOGRAFÍA TRANSHEPÁTICA PERCUTÁNEA CON EVALUACIÓN HEMODINÁMICA,SES_IMAGENES:75885,Radiology/Imaging Procedure,N/A,
c17ca68c-c09a-4b6c-8f98-86d97e14f4ba,EMBOLIZACIÓN ARTERIA UTERINA ,SES_IMAGENES:75894,Radiology/Imaging Procedure,N/A,
a286705a-542d-4d81-9ddf-438fe1d4e58f,ULTRASONIDO INTRAVASCULAR ,SES_IMAGENES:75945,Radiology/Imaging Procedure,N/A,
fcfb918f-e6df-46b7-8daa-a7f21ff39321,ESTUDIOS DE EDAD ÓSEA (1 PLACA),SES_IMAGENES:76020,Radiology/Imaging Procedure,N/A,
cc9dc6f0-d572-4b3c-8fab-da5849ed9ac4,"ESTUDIOS DE LONGITUD DE HUESOS (ORTOROENTGENOGRAMA, ESTUDIO DE BARRIDO "" SCANOGRAM"") (2 PLACAS)",SES_IMAGENES:76040,Radiology/Imaging Procedure,N/A,
05b79d5f-fa85-4fda-baae-16ed12ba19ec,SURVEY ÓSEO,SES_IMAGENES:76061,Radiology/Imaging Procedure,N/A,
757d18b3-d736-4e38-85ee-3a989e0a28fc,"EXAMEN RADIOLÓGICO DE ABSCESO, FÍSTULA O ESTUDIO DE TRACTO",SES_IMAGENES:76080,Radiology/Imaging Procedure,N/A,
ea6f6100-fc76-4e06-b26a-f9b9fe3ed123,RM MAMA CON CONTRASTE,SES_IMAGENES:76093,Radiology/Imaging Procedure,N/A,
f3226860-e78f-40c1-819f-06503ddcff01,TEM RECONSTRUCCION TRIDIMENSIONAL EN GENERAL,SES_IMAGENES:76375,Radiology/Imaging Procedure,N/A,
00ed1e6a-17d0-4b11-b3c2-512b24e13952,ESPECTROSCOPIA,SES_IMAGENES:76390,Radiology/Imaging Procedure,N/A,
bf7c3e90-87a0-4b00-9bef-04d2b55a1903,RM BIOPSIA DE MAMA GUIADA POR RESONANCIA,SES_IMAGENES:76393,Radiology/Imaging Procedure,N/A,
9ce56edc-be78-41ff-be3c-407b6f23825a,ECOGRAFÍA CEREBRAL,SES_IMAGENES:76506,Radiology/Imaging Procedure,N/A,
997bc89a-9a00-41d8-8eb8-2f2eeafaac1f,"ULTRASONIDO OFTÁLMICO, ECOGRAFÍA, DIAGNÓSTICO.",SES_IMAGENES:76510,Radiology/Imaging Procedure,N/A,
74c7d4cc-597c-4fd9-9852-b59d90daaa08,ULTRASONIDO OFTÁLMICO DIAGNÓSTICO CON RASTREO B DE CONTACTO,SES_IMAGENES:76512,Radiology/Imaging Procedure,N/A,
158df860-9409-4b8e-b3fd-c8930ad2cf07,"ULTRASONIDO OFTÁLMICO, DIAGNÓSTICO, PAQUIMETRÍA CORNEAL, (DETERMINACIÓN DEL ESPESOR CORNEAL) UNILATERAL O BILATERAL",SES_IMAGENES:76514,Radiology/Imaging Procedure,N/A,
39b83dae-7322-4ddd-8f30-7e8d5d39e2c9,BIOMETRÍA OCULAR POR ULTRASONIDO,SES_IMAGENES:76516,Radiology/Imaging Procedure,N/A,
1f07dee8-5a06-461a-9e6a-e8b94f95ddc4,ULTRASONIDO DE TEJIDOS BLANDOS DE CABEZA Y CUELLO,SES_IMAGENES:76536,Radiology/Imaging Procedure,N/A,
153505eb-08ce-4790-8474-5a5f0e386a62,ULTRASONIDO DE TÓRAX,SES_IMAGENES:76604,Radiology/Imaging Procedure,N/A,
9fef38a2-ab04-4fe8-b4ab-fbb484535859,ECOGRAFÍA MAMARIA,SES_IMAGENES:76645,Radiology/Imaging Procedure,N/A,
0cce0ced-d2d9-4c26-beb2-5f29a1dcc7f1,ECOGRAFÍA CAVIDAD PERICÁRDICA,SES_IMAGENES:76646,Radiology/Imaging Procedure,N/A,
79a20bc6-e25f-4302-a871-56a158ca05ac,ECOGRAFÍA ABDOMINAL COMPLETA,SES_IMAGENES:76700,Radiology/Imaging Procedure,N/A,
8476b5a2-508f-4989-b1f6-57a1febb64fb,ECOGRAFÍA VÍAS BILIARES,SES_IMAGENES:76705,Radiology/Imaging Procedure,N/A,
38e3c659-bb2e-45e6-ab91-33387d8ab8f1,ECOGRAFÍA RENAL,SES_IMAGENES:76770,Radiology/Imaging Procedure,N/A,
afa56241-e224-474b-b1b5-ed32b4749a9a,ECOGRAFÍA DE VÍAS URINARIAS,SES_IMAGENES:76775,Radiology/Imaging Procedure,N/A,
3ce5a240-d69f-4fe3-9aa8-efd3b879628f,ECOGRAFÍA DE CANAL ESPINAL Y CONTENIDO,SES_IMAGENES:76800,Radiology/Imaging Procedure,N/A,
cf0f38be-cadc-463a-82ce-642e794f5c41,"ULTRASONIDO DE ÚTERO GRÁVIDO, POSTERIOR AL 1ER TRIMESTRE",SES_IMAGENES:76805,Radiology/Imaging Procedure,N/A,
d7d8f107-ec9e-4c49-86b7-3372c0a6febf,ULTRASONIDO DE ÚTERO GRÁVIDO Y EVALUACIÓN FETAL DETALLADA,SES_IMAGENES:76811,Radiology/Imaging Procedure,N/A,
ccbc3fda-985d-48a0-8415-3b2ec47c5f83,ECOGRAFÍA OBSTÉTRICA SELECTIVA EVALUACIÓN MORFOLÓGICA DEL FETO PARA DESCARTE DE MALFORMACIONES,SES_IMAGENES:76816,Radiology/Imaging Procedure,N/A,
a8a1beb2-562f-4a1f-9b5a-681b7f1ad3bc,ECOGRAFÍA TRANSVAGINAL OBSTÉTRICA,SES_IMAGENES:76817,Radiology/Imaging Procedure,N/A,
89466e4f-95b1-423b-8b25-c360f21d84a2,PERFIL BIOFÍSICO FETAL,SES_IMAGENES:76818,Radiology/Imaging Procedure,N/A,
cd1caf1e-486a-4c00-badd-46e05fcb853f,PERFIL BIOFÍSICO FETAL SIN TEST NO ESTRESANTE,SES_IMAGENES:76819,Radiology/Imaging Procedure,N/A,
e54d6b0c-fd31-4a22-8d5e-19cf29ed058b,ECOCARDIOGRAFÍA FETAL,SES_IMAGENES:76825,Radiology/Imaging Procedure,N/A,
46baa958-cada-44cf-ba1c-a7cffe2766e2,ECOGRAFÍA FETAL DOPPLER,SES_IMAGENES:76827,Radiology/Imaging Procedure,N/A,
3295d774-226c-47a8-a2b9-2647650a0a40,ECOGRAFÍA TRANSVAGINAL (NO OBSTÉTRICA),SES_IMAGENES:76830,Radiology/Imaging Procedure,N/A,
352f9e54-b1c7-496f-b460-8f059a21750f,"HISTEROSONOGRAFÍA, CON O SIN FLUJO, DOPPLER CODIFICADO CON COLOR",SES_IMAGENES:76831,Radiology/Imaging Procedure,N/A,
15cad3fa-3329-455a-b999-7bcee36f2520,ULTRASONIDO PÉLVICO (NO OBSTÉTRICO),SES_IMAGENES:76856,Radiology/Imaging Procedure,N/A,
e4dd3ff6-6ce6-494d-b134-dfe4fd6b8242,"ECOGRAFÍA, ESCROTO Y CONTENIDO",SES_IMAGENES:76870,Radiology/Imaging Procedure,N/A,
9c84b476-122f-4fbb-82a4-da4853377adc,ULTRASONIDO PROSTÁTICO TRANSRECTAL,SES_IMAGENES:76872,Radiology/Imaging Procedure,N/A,
0c2112e2-23ce-406b-ac34-e8860530059b,ECOGRAFÍA NO VASCULAR DE EXTREMIDADES POR RASTREO B Y/O EN TIEMPO REAL,SES_IMAGENES:76880,Radiology/Imaging Procedure,N/A,
6581fe4a-6b6e-4f6c-b576-1f2a92849696,ULTRASONIDO DE CADERAS DE LACTANTE,SES_IMAGENES:76885,Radiology/Imaging Procedure,N/A,
764989ba-9c30-4170-9a6a-54fe39588bc2,BIOPSIA GUIADA POR ECOGRAFÍA,SES_IMAGENES:76942,Radiology/Imaging Procedure,N/A,
14720576-0ba3-4a14-9d79-0a1fc2e4840e,MAMOGRAFÍA UNILATERAL (2 PLACAS),SES_IMAGENES:77055,Radiology/Imaging Procedure,N/A,
af91c448-a492-440c-86e0-b7234ea33f23,MAMOGRAFÍA BILATERAL (4 PLACAS),SES_IMAGENES:77056,Radiology/Imaging Procedure,N/A,
338a0929-8511-4349-b78d-5ca3cb82a130,MAMOGRAFÍA DE TAMIZAJE,SES_IMAGENES:77057,Radiology/Imaging Procedure,N/A,
a4c78aa1-9585-429e-bd83-b2f1d43ab326,DENSITOMETRÍA ÓSEA,SES_IMAGENES:77080,Radiology/Imaging Procedure,N/A,
ba43d203-57c2-4a3e-a2d2-db5c79f6b62a,TELETERAPIA (TELECOBALTOTERAPIA) SESIÓN,SES_IMAGENES:77310,Radiology/Imaging Procedure,N/A,
0051a04d-b7c3-4b1c-bcbf-16ad11c7dfcf,ACELERADOR LINEAL (1 SESION),SES_IMAGENES:77500,Radiology/Imaging Procedure,N/A,
b13ad486-fd69-4463-b407-032ba249fac9,BRAQUITERAPIA DE CONTACTO,SES_IMAGENES:77501,Radiology/Imaging Procedure,N/A,
848e4615-3fbc-41ed-be6e-e626306766ca,INSFUSIÓN O INSTALACIÓN DE SOLUCIÓN DE RADIOELEMENTO,SES_IMAGENES:77750,Radiology/Imaging Procedure,N/A,
a50ea56d-ac4f-452d-b0c7-e78b7b53945f,APLICACIÓN INTRACAVITARIA DEL RADIOELEMENTO,SES_IMAGENES:77761,Radiology/Imaging Procedure,N/A,
d0a6dcb2-5d7a-4169-b919-d578728d8b82,BRAQUITERAPIA POSTERIOR REMOTA DE ALTA INTENSIDAD,SES_IMAGENES:77781,Radiology/Imaging Procedure,N/A,
e68f207b-f19f-44d5-aa6e-74b2dc1358b6,CAPTACIÓN TIROIDEA EN DETERMINACIÓN ÚNICA CON IODO 131,SES_IMAGENES:78000,Radiology/Imaging Procedure,N/A,
efa9ae63-67fe-446f-ae9a-caf4c83972fd,GAMMAGRAFÍA TIROIDEA,SES_IMAGENES:78006,Radiology/Imaging Procedure,N/A,
5b51309c-d2a0-47d4-ab2b-3837ca7c3908,PRUEBA DE ESTÍMULO CON TSH - GAMMAGRÁFICA,SES_IMAGENES:78007,Radiology/Imaging Procedure,N/A,
795ee678-7d66-4590-9c3b-5964c3f2f4af,PRUEBA DE SUPRESIÓN CON T3 GAMMAGRÁFICA,SES_IMAGENES:78008,Radiology/Imaging Procedure,N/A,
8c1c5f91-b7c6-41ec-bd87-f4d783180397,PRUEBA DE ESTÍMULO CON TSH CAPTACIÓN,SES_IMAGENES:78009,Radiology/Imaging Procedure,N/A,
87e84cd4-c1fd-471d-8abb-fab3866a19a0,PRUEBA DE DESCARGA CON PERCLORATO,SES_IMAGENES:78010,Radiology/Imaging Procedure,N/A,
a7fee938-e127-40f9-a9ea-cd4dece34675,PRUEBA DE INHIBICIÓN CON T3 CAPTACIÓN,SES_IMAGENES:78011,Radiology/Imaging Procedure,N/A,
9cbd8bee-af29-4193-8271-7bb9f0fce178,OBTENCIÓN DE IMÁGENES DE METÁSTASIS DE CARCINOMA DE TIROIDES EN TODO EL CUERPO - RASTREO DE TEJIDO TIROIDEO A CUERPO ENTERO CON TALIO 201,SES_IMAGENES:78019,Radiology/Imaging Procedure,N/A,
3672f991-7382-4116-87d7-02a4fc3828ae,RASTREO DE TEJIDO TIROIDEO,SES_IMAGENES:78025,Radiology/Imaging Procedure,N/A,
af46dfa1-8d26-40fa-b0e6-ca58a41f0fc1,TERAPIA DE HIPERFUNCIÓN CON I-131,SES_IMAGENES:78026,Radiology/Imaging Procedure,N/A,
2fe53425-e86e-4f29-8bac-5ccecd8d99f7,TERAPIA DE ATIPIAS DIFERENCIADAS CON I-131,SES_IMAGENES:78027,Radiology/Imaging Procedure,N/A,
3eaf3f85-0380-4f5c-8242-dfe32cfd1b25,RADIOABLACIÓN FUNCIONAL TIROIDEA CON I-131,SES_IMAGENES:78028,Radiology/Imaging Procedure,N/A,
4eec3338-7765-4cc9-b17b-1cd7a27357e6,GAMMAGRAFÍA DE TIROIDES Y CAPTACIÓN CON TEC99M,SES_IMAGENES:78031,Radiology/Imaging Procedure,N/A,
4a3d5785-0786-4f43-ab09-d89eccd4bfeb,IMÁGENES DEL PARATIROIDES- GAMMAGRAFÍA DE PARATIROIDES CON SESTAMIBI-TEC99M,SES_IMAGENES:78070,Radiology/Imaging Procedure,N/A,
748e2386-f56e-49f7-b979-e5cacb2d3626,DETECCIÓN DE ADENOMAS PARATIROIDEOS CON SESTAMIBI-TEC99M,SES_IMAGENES:78072,Radiology/Imaging Procedure,N/A,
f1a4aee7-a276-4989-af0a-63b8ca50ad5f,"IMÁGENES DE ADRENALES, CORTEZA Y/O MÉDULA- GAMMAGRAFÍA DE GLÁNDULAS SUPRARRENALES",SES_IMAGENES:78075,Radiology/Imaging Procedure,N/A,
ca5a76e1-6dff-4727-b913-ed79508fc11c,DETECCIÓN DE FEOCROMOCITOMA CON METIL-IODO- GUANETIDINA -123,SES_IMAGENES:78076,Radiology/Imaging Procedure,N/A,
f31ae1bf-2055-49c8-88c5-4c7246d6c980,GAMMAGRAFÍA DE TIROIDES PLANAR Y TOMOGRÁFICA CON TEC99M,SES_IMAGENES:78078,Radiology/Imaging Procedure,N/A,
06cae349-2319-4c67-8d4e-3c5e6f6a81da,GAMMAGRAFÍA DE TIROIDES PLANAR Y TOMOGRÁFICA CON I-131,SES_IMAGENES:78079,Radiology/Imaging Procedure,N/A,
7924f27d-97bc-4d82-af84-28505aaeb690,IMÁGENES DEL BAZO SOLAMENTE,SES_IMAGENES:78185,Radiology/Imaging Procedure,N/A,
a82c9849-8d9a-40ad-a52e-14de5d063881,IMÁGENES DE LINFÁTICOS Y GANGLIOS LINFÁTICOS,SES_IMAGENES:78195,Radiology/Imaging Procedure,N/A,
3c29533f-8abd-4403-ace6-bbfea097c190,IMÁGENES DE MÉDULA ÓSEA,SES_IMAGENES:78196,Radiology/Imaging Procedure,N/A,
4cda8ff5-f4f0-422e-8112-abe518dd81d7,"VOLUMEN PLASMÁTICO, POR TÉCNICA DE DETERMINACIÓN DE VOLUMEN MEDIANTE DILUCIÓN DE RADIOFÁRMACO (PROCEDIMIENTO SEPARADO), MUESTRA ÚNICA",SES_IMAGENES:78198,Radiology/Imaging Procedure,N/A,
37df3cd0-2532-4490-8cba-88a7960dd5df,"DETERMINACIÓN DEL VOLUMEN DE SANGRE ENTERA, INCLUYENDO LA DETERMINACIÓN SEPARADA DEL VOLUMEN PLASMÁTICO Y DEL VOLUMEN DE ERITROCITOS (TÉCNICA DE DETERMINACIÓN DE VOLUMEN POR DILUCIÓN DE RADIOFÁRMACOS)",SES_IMAGENES:78199,Radiology/Imaging Procedure,N/A,
d629add0-7cbc-43cf-a007-4b3efd97e8c7,OBTENCIÓN DE IMÁGENES HEPÁTICAS ESTÁTICAS,SES_IMAGENES:78201,Radiology/Imaging Procedure,N/A,
dbeec633-d6e9-438e-b66f-742734c43592,OBTENCIÓN DE IMÁGENES DEL HÍGADO POR SPECT,SES_IMAGENES:78205,Radiology/Imaging Procedure,N/A,
922488eb-977a-4801-83b2-f58f03b9a1ac,OBTENCIÓN DE IMÁGENES HEPÁTICAS Y DE BAZO ESTÁTICAS,SES_IMAGENES:78215,Radiology/Imaging Procedure,N/A,
64536c36-cb39-42b6-a0ce-a4fdea7724f0,ESTUDIO DE FUNCIÓN HEPÁTICA CON AGENTES HEPATOBILIARES,SES_IMAGENES:78220,Radiology/Imaging Procedure,N/A,
dc27cd50-e78e-4860-8832-579e813822e0,IMÁGENES DEL SISTEMA DE CONDUCTOS HEPATOBILIARES INCLUYENDO LA VESÍCULA BILIAR,SES_IMAGENES:78223,Radiology/Imaging Procedure,N/A,
7a47ba73-7a58-45dc-bf32-ec7ee9127054,IMÁGENES DE GLÁNDULAS SALIVALES,SES_IMAGENES:78230,Radiology/Imaging Procedure,N/A,
eeebfc00-2a2e-419e-a3e4-07a54c8ca55b,MOTILIDAD ESOFÁGICA,SES_IMAGENES:78258,Radiology/Imaging Procedure,N/A,
e44e5ccf-9dc2-42a5-b7e4-da43b529717e,OBTENCIÓN DE IMÁGENES DE MUCOSA GÁSTRICA,SES_IMAGENES:78261,Radiology/Imaging Procedure,N/A,
c5023923-7b30-4773-b9cd-009040bddec6,ESTUDIO DE REFLUJO GASTROESOFÁGICO,SES_IMAGENES:78262,Radiology/Imaging Procedure,N/A,
c910c505-d893-4cd3-a12b-6dc926d90f5e,ESTUDIO DE VACIAMIENTO GÁSTRICO,SES_IMAGENES:78264,Radiology/Imaging Procedure,N/A,
b761e063-d05f-4ce7-889e-43aafee89452,OBTENCIÓN DE IMÁGENES DE PÉRDIDA GASTROINTESTINAL AGUDA DE SANGRE,SES_IMAGENES:78278,Radiology/Imaging Procedure,N/A,
7f338a15-0747-4d10-b061-9e5fda66ba9c,DETECCIÓN DEL DIVERTÍCULO DE MECKEL,SES_IMAGENES:78279,Radiology/Imaging Procedure,N/A,
dc73a3f9-6b77-44ad-aeea-2d4ec376aebd,"IMÁGENES DE INTESTINO (P. EJ., MUCOSA GÁSTRICA ECTÓPICA, UBICACIÓN MECKEL, VÓLVULO)",SES_IMAGENES:78281,Radiology/Imaging Procedure,N/A,
e909ce55-8be4-43f7-91e3-f7c0f8d1eb6f,OBTENCIÓN DE IMÁGENES DE HUESOS Y/O ARTICULACIONES LIMITADAS A UNA ZONA,SES_IMAGENES:78300,Radiology/Imaging Procedure,N/A,
c197f4e2-270f-43c8-a17f-bbb7264bb564,"GAMMAGRAFÍA ÓSEA Y/O ARTICULAR, MÚLTIPLES ÁREAS",SES_IMAGENES:78305,Radiology/Imaging Procedure,N/A,
0b14cfeb-5e04-4c6f-9af6-b57dbbed603f,GAMMAGRAFÍA CON NANOCOLOIDES-TEC99M,SES_IMAGENES:78321,Radiology/Imaging Procedure,N/A,
7d7c8505-0324-4d08-8fb4-933b02ef45c0,GAMMAGRAFÍA CON HIG (INMUNOGLOBULINAS-TEC99M),SES_IMAGENES:78322,Radiology/Imaging Procedure,N/A,
a5dfefce-7d4c-4460-9eae-97534d959dab,ESTUDIO DE DENSIDAD ÓSEA DE UNA O MÁS ZONAS POR ABSORCIOMETRÍA ÚNICA DE FOTONES,SES_IMAGENES:78350,Radiology/Imaging Procedure,N/A,
a6517b41-3eee-4516-97d4-87bf4ab19511,GAMMAGRAFÍA DE MÉDULA ÓSEA,SES_IMAGENES:78360,Radiology/Imaging Procedure,N/A,
0a4d8b25-107b-4288-9829-55022a6971a3,GAMMAGRAFÍA ÓSEA PLANAR Y TOMOGRÁFICA,SES_IMAGENES:78362,Radiology/Imaging Procedure,N/A,
213b4fe0-e59a-449d-8344-64f9fa4265f8,GAMMAGRAFÍA ÓSEA TRIFÁSICA,SES_IMAGENES:78363,Radiology/Imaging Procedure,N/A,
3366cdb8-9d70-46d7-8316-146f634e9db2,GAMMAGRAFÍA ÓSEA SEGMENTARIA-SEGMENTO,SES_IMAGENES:78364,Radiology/Imaging Procedure,N/A,
2a0dc0cf-2e99-4436-a8b4-9f2a6f323ae9,GAMMAGRAFÍA ÓSTEOMUSCULAR,SES_IMAGENES:78365,Radiology/Imaging Procedure,N/A,
8972830a-2709-4b26-b330-5dd7ae0f5c34,GAMMAGRAFÍA ÓSTEOARTICULAR-OTROS,SES_IMAGENES:78366,Radiology/Imaging Procedure,N/A,
af06e1f4-1c11-4396-abdc-27962e9d5b72,GAMMAGRAFÍA ÓSTEOARTICULAR-COXOFEMORALES,SES_IMAGENES:78367,Radiology/Imaging Procedure,N/A,
b6b5cb42-062c-4a6a-88be-997043a83387,GAMMAGRAFÍA ÓSTEOARTICULAR-SACROILIACAS,SES_IMAGENES:78368,Radiology/Imaging Procedure,N/A,
84a6c51e-4f6c-40c2-9fbb-7afca856ddb8,GAMMAGRAFÍA ÓSTEOARTICULAR-HOMBROS,SES_IMAGENES:78369,Radiology/Imaging Procedure,N/A,
629a784a-1824-4ac8-b4d4-edf7d53d785e,ESTUDIO DE TROMBOSIS VENOSA-FLEBOGRAFÍA ISOTÓPICA REGIONAL,SES_IMAGENES:78455,Radiology/Imaging Procedure,N/A,
c426a68b-18b5-47bb-bd04-d11b40161d71,TROMBOVENOGRAFÍA PROFUNDA,SES_IMAGENES:78456,Radiology/Imaging Procedure,N/A,
54843e09-2667-4f2c-8392-08490ea58bdf,OBTENCIÓN DE IMÁGENES DE TROMBOSIS VENOSA MEDIANTE VENOGRAMA BILATERAL - FLEBOGRAFÍA ISOTÓPICA DE MIEMBROS INFERIORES,SES_IMAGENES:78458,Radiology/Imaging Procedure,N/A,
420021b9-821c-4e70-a06e-310f1a5dd2de,ESTUDIO CON PIRIFOSFATO PLANAR,SES_IMAGENES:78481,Radiology/Imaging Procedure,N/A,
5593a449-3791-4c1e-b490-7017aca50529,ESTUDIO CON PIRIFOSFATO PLANAR Y TOMOGRÁFICO,SES_IMAGENES:78482,Radiology/Imaging Procedure,N/A,
1c09c8fd-107e-44ad-92f3-5fcdda2ae0da,ESTUDIO CON MIBI-TEC99M REPOSO-ESFUERZO Y TOMOGRAFÍA (SPECT),SES_IMAGENES:78483,Radiology/Imaging Procedure,N/A,
ecaa244e-8aa3-4ff7-befc-1bf63555ae65,PERFUSIÓN MIOCÁRDIACA CON MIBI-TEC99M REPOSO Y TOMOGRAFÍA (SPECT),SES_IMAGENES:78484,Radiology/Imaging Procedure,N/A,
e391425c-4261-4015-a888-76c2e0de6a7a,ESTUDIO CON TALIO - 201 EN REPOSO PLANAR Y TOMOGRÁFICO,SES_IMAGENES:78485,Radiology/Imaging Procedure,N/A,
7bc33308-2593-43ab-8c86-eac2973cc3db,ESTUDIO CON TALIO - 201 EN REPOSO Y ESFUERZO PLANAR Y TOMOGRÁFICO,SES_IMAGENES:78486,Radiology/Imaging Procedure,N/A,
97bbdb7e-f3f7-427f-be41-2631d5be3a49,ESTUDIO CON TALIO - 201 EN REPOSO PLANAR Y POSTDIPIRIDAMOL CON SPECT,SES_IMAGENES:78487,Radiology/Imaging Procedure,N/A,
17895a7f-f9ff-440f-b061-1b06f821ab3d,VENTRICULOGRAFÍA EN REPOSO Y CON APLICACIÓN FARMACOLÓGICA,SES_IMAGENES:78489,Radiology/Imaging Procedure,N/A,
f24ceb2f-3666-4c1d-81d0-8c3a6c2ca695,VENTRICULOGRAFÍA ISOTÓPICA EN REPOSO Y ESFUERZO,SES_IMAGENES:78490,Radiology/Imaging Procedure,N/A,
2efe418b-dbf1-4323-b00c-6f0e9f4742c3,VENTRICULOGRAFÍA ISOTÓPICA EN REPOSO,SES_IMAGENES:78491,Radiology/Imaging Procedure,N/A,
71d634ea-9605-475c-b4d0-e57389af53b7,ESTUDIO DE PRIMER PASAJE EN REPOSO,SES_IMAGENES:78492,Radiology/Imaging Procedure,N/A,
d6ec109f-f784-4330-8817-22c2ca064ee6,ESTUDIO DE PRIMER PASAJE REPOSO Y ESFUERZO,SES_IMAGENES:78493,Radiology/Imaging Procedure,N/A,
28726d50-2e0a-4114-b54a-1c0712cb5d0d,ESTUDIO DE SHUNTS Y CÁLCULO DEL QP/QS,SES_IMAGENES:78494,Radiology/Imaging Procedure,N/A,
b465fa5e-48a0-449c-a4ae-7fb6c47b0b1c,GAMMAGRAFÍA MIOCÁRDICA CON PIROFOSFATO,SES_IMAGENES:78495,Radiology/Imaging Procedure,N/A,
ecc1522e-3555-4c03-b44b-29fd7b57bd95,GAMMAGRAFÍA DE ESPACIO VASCULAR CARDIACO Y/O GRANDES VASOS,SES_IMAGENES:78496,Radiology/Imaging Procedure,N/A,
b05d728f-51e5-44b8-9078-b202995d84b5,TERAPIA CON RADIONUCLEIDOS,SES_IMAGENES:78497,Radiology/Imaging Procedure,N/A,
1e63f6f2-91b9-4a89-b8fb-53d02e8bde88,GAMMAGRAFÍA CEREBRAL,SES_IMAGENES:78521,Radiology/Imaging Procedure,N/A,
f8803ed9-5bb3-4ab5-bb64-bb0c0a8782d3,GAMMAGRAFIA DE GLÁNDULAS SALIVALES,SES_IMAGENES:78522,Radiology/Imaging Procedure,N/A,
59421296-fccb-47c2-8a53-cf6d88fa712f,GAMMAGRAFIA DE VÍAS BILIARES,SES_IMAGENES:78524,Radiology/Imaging Procedure,N/A,
39a557fb-80b7-4511-ba77-386278c06ac8,GAMMAGRAFIA HIGADO Y BAZO,SES_IMAGENES:78525,Radiology/Imaging Procedure,N/A,
cfc8c108-918c-455f-ae6f-3689f4cf7a4d,GAMMAGRAFÍA PULMONAR DE PERFUSIÓN,SES_IMAGENES:78580,Radiology/Imaging Procedure,N/A,
717c5f56-0e62-47cb-a814-31564e6e4427,"GAMMAGRAFÍA DE PERFUSIÓN PULMONAR, PARTÍCULAS, CON VENTILACIÓN, INHALACIÓN ÚNICA",SES_IMAGENES:78584,Radiology/Imaging Procedure,N/A,
5e6b1b22-dc36-463e-a0e9-cb70d85f7332,OBTENCIÓN DE IMÁGENES MÚLTIPLES SOBRE VENTILACIÓN PULMONAR CON AEROSOL-GAMMAGRAFÍA PULMONAR DE VENTILACIÓN,SES_IMAGENES:78587,Radiology/Imaging Procedure,N/A,
b931912b-d939-4664-b8c9-cbe38e6e7e69,OBTENCIÓN DE IMÁGENES DE PERFUSIÓN PULMONAR CON PARTÍCULAS Y DE VENTILACIÓN CON AEROSOL- GAMMAGRAFÍA PULMONAR DE PERFUSIÓN/VENTILACIÓN Y FLEBOGRAFÍA,SES_IMAGENES:78588,Radiology/Imaging Procedure,N/A,
10efce3c-15e5-4b97-888c-c23df205b7aa,RADIOANGIOGRAFÍA CON GAMMAGRAFÍA PLANAR Y TOMOGRÁFICA,SES_IMAGENES:78608,Radiology/Imaging Procedure,N/A,
96d0c0db-fa13-47b8-96e8-427bc5a44465,RADIOANGIOGRAFÍA CON GAMMAGRAFÍA CEREBRAL ESTÁTICA PLANAR,SES_IMAGENES:78609,Radiology/Imaging Procedure,N/A,
b0cedf17-25a7-4831-a8ad-127e49a79637,TOMOGRAFÍA NUCLEAR DE CEREBRO CON DTPA/GHCA,SES_IMAGENES:78610,Radiology/Imaging Procedure,N/A,
042d89da-e056-4864-a815-fcce83c01409,CISTERNOGRAFÍA ISOTÓPICA,SES_IMAGENES:78630,Radiology/Imaging Procedure,N/A,
77f69dc5-a4cb-48c2-8afd-f0c16030729d,CISTERNOGRAFÍA TOMOGRÁFICA,SES_IMAGENES:78631,Radiology/Imaging Procedure,N/A,
e955332e-a320-476f-a6f6-d517492861cc,FLUJO SANGUÍNEO CEREBRAL REGIONAL CON HMPAO Y SPECT,SES_IMAGENES:78648,Radiology/Imaging Procedure,N/A,
18e0eeff-255c-4c11-be96-ca36791f1825,FLUJO SANGUÍNEO CEREBRAL CON ECD Y SPECT,SES_IMAGENES:78649,Radiology/Imaging Procedure,N/A,
c774420e-e762-46ce-b09a-82aff5681010,RADIOANGIOGRAFÍA CEREBRAL,SES_IMAGENES:78654,Radiology/Imaging Procedure,N/A,
62b67a05-02f8-4040-86f4-1ce767a134f7,TOMOGRAFÍA CEREBRAL CON TALIO - 201,SES_IMAGENES:78660,Radiology/Imaging Procedure,N/A,
b0974113-2b79-400a-a07c-4d20dd65f721,GAMMAGRAFÍA RENAL CON GHCA-TEC99M,SES_IMAGENES:78700,Radiology/Imaging Procedure,N/A,
910f9ef5-bb9a-487b-bff2-f77e4ebfa512,GAMMAGRAFÍA RENAL CON DMSA-TEC99M,SES_IMAGENES:78701,Radiology/Imaging Procedure,N/A,
2f39b6f1-9445-48ea-840b-ddeb1ff8c765,GAMMAGRAFÍA RENAL CON GHCA-TEC99M Y TOMOGRAFÍA,SES_IMAGENES:78711,Radiology/Imaging Procedure,N/A,
74a623cd-c9e8-42c3-b84a-51e2a6a43e9f,RADIORRENOGRAMA ISOTÓPICO CON MAG3-TEC99M,SES_IMAGENES:78712,Radiology/Imaging Procedure,N/A,
546ca572-a12e-4395-bb4d-5a43f50c1d78,RADIORRENOGRAMA ISOTÓPICO CON DTPA-TEC99M,SES_IMAGENES:78713,Radiology/Imaging Procedure,N/A,
47e9fcf1-e56e-47b9-91c5-e700e9b172f3,TEST DE FUROSEMIDA (LASIX) *DOS RADIORRENOGRAMAS,SES_IMAGENES:78714,Radiology/Imaging Procedure,N/A,
9e52617d-1a44-4980-b90b-a81ef01489a0,TEST DE CAPTOPRIL *DOS RADIORRENOGRAMAS,SES_IMAGENES:78716,Radiology/Imaging Procedure,N/A,
b027488f-5d9e-4bf1-9de1-7cc30b36bfbc,ESTUDIO RESIDUAL DE VEJIGA URINARIA,SES_IMAGENES:78730,Radiology/Imaging Procedure,N/A,
b78d1e6e-acac-43d1-97c6-cd5994bc990f,ESTUDIO DE REFLUJO VÉSICO URETERAL -MÉTODOS DIRECTO,SES_IMAGENES:78740,Radiology/Imaging Procedure,N/A,
b6649954-c601-4af9-9f44-648801b5f89b,ESTUDIO DE REFLUJO VÉSICO URETERAL -MÉTODOS INDIRECTO,SES_IMAGENES:78741,Radiology/Imaging Procedure,N/A,
cae4b9c8-6146-4739-9ed9-b4e915aa160b,OBTENCIÓN DE IMÁGENES Y FLUJO VASCULAR DE TESTÍCULOS- PERFUSIÓN TESTICULAR,SES_IMAGENES:78761,Radiology/Imaging Procedure,N/A,
d127802c-f586-4af9-9104-4b18bff78dd9,DETERMINACIÓN DE FILTRACIÓN DE GLOMERULAR (GFR) Y RADIORRENOGRAMA,SES_IMAGENES:78762,Radiology/Imaging Procedure,N/A,
39858e3d-a4ce-462f-a350-fa97ddf30800,EVALUACIÓNDE SHUNTS,SES_IMAGENES:78802,Radiology/Imaging Procedure,N/A,
330f48fd-296d-46b2-9985-235f1b866313,GAMMAGRAFÍA DE PERFUSIÓN REGIONAL,SES_IMAGENES:78808,Radiology/Imaging Procedure,N/A,
160643bc-60d7-463a-9016-783494d9bd78,BIOPSIA X TAC,SES_IMAGENES:78822,Radiology/Imaging Procedure,N/A,
46e6cf50-ed9e-40f9-bbf8-e6f4397f28f7,BIOPSIA DIRIGIDA X FLUOROSCOPÍA ,SES_IMAGENES:78891,Radiology/Imaging Procedure,N/A,
255ed648-101f-47de-b56f-d19d472e7c18,DRENAJE X TAC,SES_IMAGENES:78892,Radiology/Imaging Procedure,N/A,
1d1e78b4-d4d8-4a04-a3ea-b5ad682a601d,PICTOGRAFIA ANTEROGRADA,SES_IMAGENES:78893,Radiology/Imaging Procedure,N/A,
6412edfe-03dc-460c-bd84-6603d81db02a,TOMOGRAFIA LINEAL (4),SES_IMAGENES:78894,Radiology/Imaging Procedure,N/A,
3ec2be2d-b6b2-431e-81cf-f08fe9274abe,QUIMIOTERAPIA ARTERIAL SELECTIVA,SES_IMAGENES:78895,Radiology/Imaging Procedure,N/A,
7680fe08-d799-4079-a767-3317b0819c86,VIDEOCOLONOSCOPÍA IZQUIERDA DIAGNÓSTICA,SES_IMAGENES:91200,Radiology/Imaging Procedure,N/A,
8ee1f320-0b69-4444-9935-2e1b7905aa5f,VIDEOCOLONOSCOPÍA DERECHA DIAGNÓSTICA,SES_IMAGENES:91202,Radiology/Imaging Procedure,N/A,
c2406a48-8226-420a-a709-89607fb43741,RM ARTICULACION TEMPORO MANDIBULAR SIN CONTRASTE,SES_IMAGENES:7033601,Radiology/Imaging Procedure,N/A,
8bc025be-5888-48b6-9497-0e2dcf67b221,RM ARTICULACION TEMPORO MANDIBULAR CON CONTRASTE,SES_IMAGENES:7033602,Radiology/Imaging Procedure,N/A,
32ebd359-b90c-421d-ae9c-e8cd3de649f9,"TEM OIDO EXTERNO, MEDIO O INTERNO SIN CONTRASTE",SES_IMAGENES:7048001,Radiology/Imaging Procedure,N/A,
764a5dc0-4e9d-4836-87cc-911b14d3b62d,TEM DE  FOSA POSTERIOR SIN MATERIAL DE CONTRASTE,SES_IMAGENES:7048002,Radiology/Imaging Procedure,N/A,
4f89b5c5-7f3d-4328-8308-64a5b9a6c689,TEM ORBITA SIN CONTRASTE,SES_IMAGENES:7048003,Radiology/Imaging Procedure,N/A,
cb578fab-ae5b-407f-83c6-e1a7f1b72619,TEM SENOS PARANASALES SIN CONTRASTE,SES_IMAGENES:7048004,Radiology/Imaging Procedure,N/A,
1b8cfd57-de98-493b-91db-63babb069bbd,TEM DE SILLA TURCA SIN MATERIAL DE CONTRASTE,SES_IMAGENES:7048005,Radiology/Imaging Procedure,N/A,
6401ec8e-7fa5-494b-b3a3-f2ac4009aaf5,"TEM OIDO EXTERNO, MEDIO O INTERNO CON CONTRASTE",SES_IMAGENES:7048201,Radiology/Imaging Procedure,N/A,
e37e2895-a7e4-460b-8dfe-36ca844f4feb,TEM ORBITA CON CONTRASTE,SES_IMAGENES:7048202,Radiology/Imaging Procedure,N/A,
f0f1488f-9a61-4ed4-af3a-09660e06dfd6,TEM SENOS PARANASALES CON CONTRASTE,SES_IMAGENES:7048203,Radiology/Imaging Procedure,N/A,
07b9b921-e76c-4418-b531-d91d22c02960,TEM DE SILLA TURCA CON MATERIAL DE CONTRASTE,SES_IMAGENES:7048204,Radiology/Imaging Procedure,N/A,
b6a244ec-3f2c-42ca-93ca-9eb2d251197e,TEM CUELLO SIN CONTRASTE,SES_IMAGENES:7049001,Radiology/Imaging Procedure,N/A,
aa2a51ba-6edc-4aaa-80f1-96b760812b12,ANGIOTEM CUELLO (CAROTIDA),SES_IMAGENES:7049002,Radiology/Imaging Procedure,N/A,
169b8551-0655-435a-a84b-f68622151928,RM ORBITA SIN CONTRASTE,SES_IMAGENES:7054001,Radiology/Imaging Procedure,N/A,
712c8b0e-7024-4227-a478-e2fcaa9c5093,RM CUELLO SIN CONTRASTE,SES_IMAGENES:7054002,Radiology/Imaging Procedure,N/A,
80611304-692f-4c9a-82e5-f144003bddad,RM MACIZO FACIAL SIN CONTRASTE,SES_IMAGENES:7054003,Radiology/Imaging Procedure,N/A,
c9ca3975-6cbe-4ec6-a635-797389e47574,RM OIDO SIN CONTRASTE,SES_IMAGENES:7054004,Radiology/Imaging Procedure,N/A,
851ad1d0-ec2a-4f75-b2f8-e92f34086e69,RM ORBITA CON CONTRASTE,SES_IMAGENES:7054301,Radiology/Imaging Procedure,N/A,
0012c72e-9a3e-40b3-bd59-f9acb9da62ce,RM CUELLO CON CONTRASTE,SES_IMAGENES:7054302,Radiology/Imaging Procedure,N/A,
48124d39-7328-4bf4-b681-c16fa1a57e19,RM MACIZO FACIAL CON CONTRASTE,SES_IMAGENES:7054303,Radiology/Imaging Procedure,N/A,
83a68594-6ef9-4bc1-a25a-c3ac66378153,RM OIDO CON CONTRASTE,SES_IMAGENES:7054304,Radiology/Imaging Procedure,N/A,
989ee366-2324-42a0-947d-bb07423d802b,RM CEREBRO SIN CONTRASTE,SES_IMAGENES:7055101,Radiology/Imaging Procedure,N/A,
02ee4fa8-e3b7-4728-8c6e-c13072e9f83b,RM HIPOFISIS SIN CONTRASTE,SES_IMAGENES:7055102,Radiology/Imaging Procedure,N/A,
d1fe5d5a-3986-4fba-8212-b87129f324ed,DIFUSION CEREBRAL,SES_IMAGENES:7055103,Radiology/Imaging Procedure,N/A,
f013be0c-26be-4375-a93c-aa35204c40c9,PERFUSION CEREBRAL,SES_IMAGENES:7055104,Radiology/Imaging Procedure,N/A,
dc10fd9b-6ee5-4a74-91ea-df04e402fea8,TRACTOGRAFIA,SES_IMAGENES:7055105,Radiology/Imaging Procedure,N/A,
b52065cb-e810-4edf-a40c-6603064c0d54,RM CEREBRO CON CONTRASTE,SES_IMAGENES:7055301,Radiology/Imaging Procedure,N/A,
8cba3eb6-a72a-456c-8bed-19c872f8fc94,RM HIPOFISIS CON CONTRASTE,SES_IMAGENES:7055302,Radiology/Imaging Procedure,N/A,
39ee393c-1200-48ab-ad4f-7a7006d6f283,TEM TORAX SIN CONTRASTE,SES_IMAGENES:7125001,Radiology/Imaging Procedure,N/A,
e3a6eb02-b647-468e-9253-ecb2da7bb625,ANGIOTEM CARDIACA,SES_IMAGENES:7125002,Radiology/Imaging Procedure,N/A,
3eb0ebd5-cd6d-489d-a43f-4062856ebf5e,RM PARED TORAXICA SIN CONTRASTE,SES_IMAGENES:7155001,Radiology/Imaging Procedure,N/A,
04ca2f92-71c8-422c-84ae-ca298bde31d2,RM MEDIASTINO SIN CONTRASTE,SES_IMAGENES:7155002,Radiology/Imaging Procedure,N/A,
cd5eb665-ef4e-4026-b701-2f5dae9336e6,RM PARED TORAXICA CON CONTRASTE,SES_IMAGENES:7155201,Radiology/Imaging Procedure,N/A,
3388edc8-8113-4048-af1b-f76581b14a4e,RM MEDIASTINO CON CONTRASTE,SES_IMAGENES:7155202,Radiology/Imaging Procedure,N/A,
f6aff337-3518-4c6b-a4d9-cea80e597ca8,TEM COLUMNA LUMBO-SACRA SIN CONTRASTE,SES_IMAGENES:7213101,Radiology/Imaging Procedure,N/A,
05e8057b-82a9-4915-b8e8-ba9d5b651747,TEM COLUMNA SACRO-COXIS SIN CONTRASTE,SES_IMAGENES:7213102,Radiology/Imaging Procedure,N/A,
6f1a9809-98c2-4754-b18e-478e2630d337,RM COLUMNA ARTICULACION SACROILIACA SIN CONTRASTE,SES_IMAGENES:7215601,Radiology/Imaging Procedure,N/A,
393ab2d8-8d73-4e33-be46-7f9eaae8186e,RM COLUMNA ARTICULACION SACROILIACA CON CONTRASTE,SES_IMAGENES:7215602,Radiology/Imaging Procedure,N/A,
a8f6e821-4e9b-4064-8f7d-5fa5437eeaa5,TEM ABDOMEN INFERIOR SIN CONTRASTE,SES_IMAGENES:7219201,Radiology/Imaging Procedure,N/A,
80b6f2e5-cf1f-4c9b-abe6-3b89495b572d,RM ANGIOGRAFIA RENAL,SES_IMAGENES:7219801,Radiology/Imaging Procedure,N/A,
e0ed04cd-540e-4aaa-9ad9-0dc7f46d2aef,TEM MANO SIN CONTRASTE,SES_IMAGENES:7320001,Radiology/Imaging Procedure,N/A,
41b3cf83-2066-4412-bea2-659b6826c233,TEM MUÑECA SIN CONTRASTE,SES_IMAGENES:7320002,Radiology/Imaging Procedure,N/A,
515fc420-f6e9-4042-9b62-64e38ef1dc82,TEM DE ANTEBRAZO SIN CONTRASTE,SES_IMAGENES:7320003,Radiology/Imaging Procedure,N/A,
27ee9d59-5a63-4b90-b7ca-b93b1dfabcb4,TEM CODO SIN CONTRASTE,SES_IMAGENES:7320004,Radiology/Imaging Procedure,N/A,
26f775e6-521c-4d68-b09d-684e786dd6c4,TEM DE BRAZO SIN CONTRASTE,SES_IMAGENES:7320005,Radiology/Imaging Procedure,N/A,
0ff8542f-893d-4c2d-8c8a-e6960b48560b,TEM HOMBRO SIN CONTRASTE,SES_IMAGENES:7320006,Radiology/Imaging Procedure,N/A,
5e4f992e-0035-4d9f-aacd-8c3edd693863,TEM MANO CON CONTRASTE,SES_IMAGENES:7320201,Radiology/Imaging Procedure,N/A,
9adf84f2-80d5-4830-a4ac-066508dddcba,TEM MUÑECA CON CONTRASTE,SES_IMAGENES:7320202,Radiology/Imaging Procedure,N/A,
3288667b-6ada-48a1-90f0-1cf668334cbc,TEM DE ANTEBRAZO CON CONTRASTE,SES_IMAGENES:7320203,Radiology/Imaging Procedure,N/A,
9760be93-cd47-4ab7-94a1-7a167c691aa0,TEM CODO CON CONTRASTE,SES_IMAGENES:7320204,Radiology/Imaging Procedure,N/A,
99cc279e-3a7a-4fe2-9150-e2a3d030fdb3,TEM DE BRAZO CON CONTRASTE,SES_IMAGENES:7320205,Radiology/Imaging Procedure,N/A,
7a0f13e9-c9b7-446a-aeab-83404acbbf53,TEM HOMBRO CON CONTRASTE,SES_IMAGENES:7320206,Radiology/Imaging Procedure,N/A,
c1a94d2a-5c34-473d-b4d8-e6abd9cb88f6,RM MANO SIN CONTRASTE,SES_IMAGENES:7321801,Radiology/Imaging Procedure,N/A,
225b5566-266b-4b09-a620-1174649ee2a5,RM ANTEBRAZO SIN CONTRASTE,SES_IMAGENES:7321802,Radiology/Imaging Procedure,N/A,
24229142-3aff-4f69-a16c-b641f06daeb7,RM BRAZO SIN CONTRASTE,SES_IMAGENES:7321803,Radiology/Imaging Procedure,N/A,
cffc0d35-6df5-4be4-aea6-5bce3a0907ed,RM PLEXO BRAQUEAL SIN CONTRASTE,SES_IMAGENES:7321804,Radiology/Imaging Procedure,N/A,
0cfbf274-327f-4cde-9d9a-ffc1661727e6,RM MANO CON CONTRASTE,SES_IMAGENES:7322001,Radiology/Imaging Procedure,N/A,
84d0a31d-33b1-498d-a93e-3332d5fed490,RM ANTEBRAZO CON CONTRASTE,SES_IMAGENES:7322002,Radiology/Imaging Procedure,N/A,
bb20b553-077d-427a-92d5-3043d01fc881,RM BRAZO CON CONTRASTE,SES_IMAGENES:7322003,Radiology/Imaging Procedure,N/A,
b0689995-134a-4a2c-b3a2-9501e29c5117,RM PLEXO BRAQUEAL CON CONTRASTE,SES_IMAGENES:7322004,Radiology/Imaging Procedure,N/A,
aaa8b86c-8d3d-41a7-b117-b39a1bfeee19,RM MUÑECA SIN CONTRASTE,SES_IMAGENES:7322101,Radiology/Imaging Procedure,N/A,
e28f70d5-148d-48e5-8c0a-1805b47b0813,RM CODO SIN CONTRASTE,SES_IMAGENES:7322102,Radiology/Imaging Procedure,N/A,
732ea1b1-b900-45b7-8e31-b3a793b03764,RM HOMBRO SIN CONTRASTE,SES_IMAGENES:7322103,Radiology/Imaging Procedure,N/A,
278c87c4-02c0-472b-a154-04e6650fcf8a,RM MUÑECA CON CONTRASTE,SES_IMAGENES:7322301,Radiology/Imaging Procedure,N/A,
f6309dd0-0435-4fd7-a016-ad3effbe5227,RM CODO CON CONTRASTE,SES_IMAGENES:7322302,Radiology/Imaging Procedure,N/A,
2c3588cd-eca1-4e09-bca0-98610462eb79,RM HOMBRO CON CONTRASTE,SES_IMAGENES:7322303,Radiology/Imaging Procedure,N/A,
c5076f32-50ad-407d-b109-b8609b57805b,TEM PIE SIN CONTRASTE,SES_IMAGENES:7370001,Radiology/Imaging Procedure,N/A,
b2f8c458-f67c-4e17-9990-7f6c48cf4bee,TEM TOBILLO SIN CONTRASTE,SES_IMAGENES:7370002,Radiology/Imaging Procedure,N/A,
23da72de-0bc2-437c-a91f-99c22a69c75e,TEM DE PIERNA SIN CONTRASTE,SES_IMAGENES:7370003,Radiology/Imaging Procedure,N/A,
a50a1c5b-20df-4642-a819-9a4d63d26050,TEM RODILLA SIN CONTRASTE,SES_IMAGENES:7370004,Radiology/Imaging Procedure,N/A,
b685ea03-26c7-44b1-9034-459f473b81e0,TEM DE MUSLO SIN CONTRASTE,SES_IMAGENES:7370005,Radiology/Imaging Procedure,N/A,
475f4fff-509d-4f59-b6d8-21972804b5b7,TEM PIE CON CONTRASTE,SES_IMAGENES:7370201,Radiology/Imaging Procedure,N/A,
652fc7d6-bb48-45ee-9e3b-58131d2c6db5,TEM TOBILLO CON CONTRASTE,SES_IMAGENES:7370202,Radiology/Imaging Procedure,N/A,
b7f71678-07d6-4963-8170-1df2321abd22,TEM DE PIERNA CON CONTRASTE,SES_IMAGENES:7370203,Radiology/Imaging Procedure,N/A,
b409ff0e-9b39-426e-aa50-b49ae33a069e,TEM RODILLA CON CONTRASTE,SES_IMAGENES:7370204,Radiology/Imaging Procedure,N/A,
217e5f2e-e7db-46c4-81ca-8470ff572c83,TEM DE MUSLO CON CONTRASTE,SES_IMAGENES:7370205,Radiology/Imaging Procedure,N/A,
f588adda-d68e-4bbf-84b7-67de7d34a894,RM PIE SIN CONTRASTE,SES_IMAGENES:7371801,Radiology/Imaging Procedure,N/A,
133c86da-6f71-4f5d-ab79-633c6c2cfdd8,RM PIERNA SIN CONTRASTE,SES_IMAGENES:7371802,Radiology/Imaging Procedure,N/A,
541932c2-a20f-4e28-b2f8-8cc3501111ea,RM MUSLO SIN CONTRASTE,SES_IMAGENES:7371803,Radiology/Imaging Procedure,N/A,
a9538315-fd86-4ee1-9125-42ffba52858e,RM PIE CON CONTRASTE,SES_IMAGENES:7372001,Radiology/Imaging Procedure,N/A,
5eca9583-6f77-4212-bb4f-b30ac96f3f0f,RM PIERNA CON CONTRASTE,SES_IMAGENES:7372002,Radiology/Imaging Procedure,N/A,
9bf7829f-1bb9-4d1c-9b17-607a85c6ca18,RM MUSLO CON CONTRASTE,SES_IMAGENES:7372003,Radiology/Imaging Procedure,N/A,
99ca39cd-281f-42e5-901c-2c6b5b412b4e,RM TOBILLO SIN CONTRASTE,SES_IMAGENES:7372101,Radiology/Imaging Procedure,N/A,
79623411-e2ab-4c5c-98f6-847371999a2f,RM RODILLA SIN CONTRASTE,SES_IMAGENES:7372102,Radiology/Imaging Procedure,N/A,
0f03dc87-0fe7-4acb-8f3a-5f5fc80dedf0,RM CADERAS SIN CONTRASTE,SES_IMAGENES:7372103,Radiology/Imaging Procedure,N/A,
b1078025-6aea-4a7a-8991-cbcfe284c74d,RM TOBILLO CON CONTRASTE,SES_IMAGENES:7372301,Radiology/Imaging Procedure,N/A,
0066a4b3-470d-4766-a6c8-1318b852d30f,RM RODILLA CON CONTRASTE,SES_IMAGENES:7372302,Radiology/Imaging Procedure,N/A,
e5d9581c-7883-4069-9630-f730907d9286,RM CADERAS CON CONTRASTE,SES_IMAGENES:7372303,Radiology/Imaging Procedure,N/A,
1bdb98b9-fe91-4beb-8451-1a6bac4841fd,TEM ABDOMEN SUPERIOR SIN CONTRASTE,SES_IMAGENES:7415001,Radiology/Imaging Procedure,N/A,
5e9e96d5-96f0-4a17-88da-8f8240906f95,TEM DE ABDOMEN COMPLETO SIN CONTRASTE,SES_IMAGENES:7415003,Radiology/Imaging Procedure,N/A,
518357e3-1149-48a4-bc9f-e17b0fa1c972,TEM ABDOMEN SUPERIOR CON CONTRASTE,SES_IMAGENES:7417001,Radiology/Imaging Procedure,N/A,
30a2cae6-532b-4ab0-a0c2-0fd6e0853150,RM ABDOMEN SUPERIOR SIN CONTRASTE,SES_IMAGENES:7418101,Radiology/Imaging Procedure,N/A,
2ce793a8-c81e-473f-a8a6-304eb4a8c07a,RM ABDOMEN INFERIOR SIN CONTRASTE,SES_IMAGENES:7418102,Radiology/Imaging Procedure,N/A,
ba3a8240-93c4-4b25-aef7-31c74f0f7fe2,RM ABDOMEN SUPERIOR CON CONTRASTE,SES_IMAGENES:7418301,Radiology/Imaging Procedure,N/A,
940dad17-05b5-4ec0-8f81-d6d2a1b8ad07,RM ABDOMEN INFERIOR CON CONTRASTE,SES_IMAGENES:7418302,Radiology/Imaging Procedure,N/A,
250a164b-a97f-461f-926a-cb9f0873518a,RM COLANGIORESONANCIA SIN CONTRASTE,SES_IMAGENES:7430501,Radiology/Imaging Procedure,N/A,
a9fcb86a-86c1-4b5c-86f9-9eea8bb17309,RM COLANGIORESONANCIA CON CONTRASTE,SES_IMAGENES:7430502,Radiology/Imaging Procedure,N/A,
beec4c0e-76b6-401f-be13-6767a46f2da7,RM URORESONANCIA SIN CONTRASTE,SES_IMAGENES:7440001,Radiology/Imaging Procedure,N/A,
7067645e-302e-4041-b17d-20c31fb58133,RM URORESONANCIA CON CONTRASTE,SES_IMAGENES:7440002,Radiology/Imaging Procedure,N/A,
20060a65-2f6d-41ea-b541-59e0e57f8381,UROTOMOGRAFIA (UROTEM) CON CONTRASTE,SES_IMAGENES:7441501,Radiology/Imaging Procedure,N/A,
e25d30a6-d3bd-4278-85c0-9db296c23be4,UROTOMOGRAFIA (UROTEM) SIN CONTRASTE,SES_IMAGENES:7441502,Radiology/Imaging Procedure,N/A,
15ab9503-0715-4973-9723-d8840cd72910,RM CORAZON MORFOLOGICO SIN CONTRASTE,SES_IMAGENES:7555201,Radiology/Imaging Procedure,N/A,
3ad3d61e-eed0-4a1d-ba30-433723f63df3,RM CORONARIAS,SES_IMAGENES:7555202,Radiology/Imaging Procedure,N/A,
59059aec-1bd0-404a-9049-a1171b1e06bf,RM CORAZON FUNCIONAL CON CONTRASTE,SES_IMAGENES:7555401,Radiology/Imaging Procedure,N/A,
78fc6324-f2ae-4cca-a85b-5ad3c2d965dd,RM ANGIOGRAFIA DE AORTA TORAXICA,SES_IMAGENES:7560001,Radiology/Imaging Procedure,N/A,
ba70836b-5e7a-4078-b131-e4f7ab254abc,ANGIOTEM AORTA TORAXICA,SES_IMAGENES:7560501,Radiology/Imaging Procedure,N/A,
f270eda0-240a-4984-8e61-5f42690e8785,RM ANGIOGRAFIA DE AORTA ABDOMINAL,SES_IMAGENES:7562501,Radiology/Imaging Procedure,N/A,
d36b9950-34ac-43ec-9109-814c6b97221f,RM ANGIOGRAFIA DE VASOS TORAXICOS PULMONARES,SES_IMAGENES:7574301,Radiology/Imaging Procedure,N/A,
2866fe52-3b67-42d4-aad4-ac57355eb568,RM ANGIOGRAFIA VENOGRAFIA,SES_IMAGENES:7582001,Radiology/Imaging Procedure,N/A,
27fe03cb-6879-4811-8baf-437d003b9b13,RM ENTEROGRAFIA CON CONTRASTE,SES_IMAGENES:7828101,Radiology/Imaging Procedure,N/A,
b41246f9-457d-4370-bd87-b5d2ac916041,RADIOGRAFÍA INTRAORAL PERIAPICAL,SES_IMAGENES:D0220,Radiology/Imaging Procedure,N/A,
51143306-e63d-4e63-a08f-43c3945861b0,RADIOGRAFÍA INTRAORAL OCLUSAL,SES_IMAGENES:D0240,Radiology/Imaging Procedure,N/A,
b56c7213-1ebb-481e-9cf9-67fa4e8d6103,RADIOGRAFÍA EXTRAORAL PANORÁMICA,SES_IMAGENES:D0250,Radiology/Imaging Procedure,N/A,
ad887838-0d95-4682-a32f-9a4de8703036,RADIOGRAFÍA INTRAORAL DE MORDIDA,SES_IMAGENES:D0270,Radiology/Imaging Procedure,N/A,
2f7f8cb6-b801-4afb-ac88-371cd62eed7f,COR imagenes set,SES_IMAGENES:COR_IMAGEN,ConvSet,N/A,39a6206a-d7d8-4a69-97c3-741a16c6be65;7d042caa-710a-4742-b688-37c57c555eb1;ee0e8439-9c4a-4042-b95b-09ae03806fa8;a4b07d31-764a-4108-a276-bb61f999ec14;4be0def1-a2cb-4cb5-89a0-bf9d4fe3997d;d567f5ad-64bd-4a5e-85bf-05cb07b6ecaa;0da84560-01ba-4a37-bdaa-282c383779fa;d2a03dd6-82c3-46f4-a6bf-5c57bffe0360;0d21ebb2-ea19-49a6-9e6c-df53daaec171;89c48150-c2e4-47b6-a255-4ce5d61381d5;e27c18eb-cb04-436e-adcb-afc7a69567ce;1da6cff0-73d9-4a8d-8840-da433ea79c8d;c061e0be-9cfb-4610-ab51-85bb7217047d;25b55d3a-f8ef-4edc-bebb-bb46130c9b30;3386fe3f-7e64-4a80-8053-1c749a32b2cc;08f019a5-2e1a-4562-96bb-4fd359cd4f27;bbd1f2d7-52ae-463c-9ec5-46f84e70b699;420f2ed4-5443-4608-b920-fd35bec2bf5b;56afbb1b-24a6-42b0-89bb-12f76b3f4fad;7bbdea16-4a05-4ff4-b78d-58ccb78d9814;8284c570-73ec-46d7-87a1-ca3b1e906215;74e2c3d9-dd5c-4a83-b3ad-f2195b70b656;3d5562e5-4943-4885-b897-62debf3aedc6;4fcfe679-dec1-4d3a-b5dd-d2c1f8e57b8e;fd3405de-d97c-4021-a326-e9faf4ba8bd2;891f22b3-cc30-48af-9a83-95d994971902;5350a857-64ec-47a2-9d0c-c1e4d8940842;828ad72f-192e-4131-ad87-ceb932401f90;6ec451b5-24f9-4125-b22a-31e5e4e4c175;7b2550b3-f2a5-45c9-92b2-5902c2defb20;c2812bed-7b74-4aa4-a947-78c437e558c4;d430fb40-27b1-4714-9cb2-291bc1a00dc6;00ee12e2-b26c-4511-8049-08541df520d9;bb70315b-0bce-40be-be36-24516dacb506;2f99818b-49c2-46c8-8b75-f2a8df10d379;596d4234-d818-4529-aebe-4690a8a66a91;bddba8f6-7259-40cd-9560-affdb1716618;22d65a60-9794-4d72-b575-eb798729aadb;d24d2491-3bc0-4ccf-aa66-0b02dbf3bf45;9504b9f6-493d-4da5-8361-06699bdc7e83;07292eb7-352f-4e11-8e4e-f539d7120b90;89029af9-29a7-4caf-8874-e346b1cc346e;4c1d82fd-35fb-471e-aaf7-473592f21374;9471d705-ef22-44e1-819a-87b54d085e24;2d542c7d-fa41-43d1-acfa-7d71ed3fd8ab;0f14dc48-9548-4fc2-9167-302b374836e7;32ba770a-8009-46b2-b237-24feee951c33;5e83de09-30e5-49df-8c48-d6c5d6224bf4;5e75facb-bf88-4808-91fd-9fec1f8f0cc5;553273a9-9083-48d3-8654-2af609a054f0;1fe72e44-f248-4349-a0d4-efe9a2fba44d;01d170c7-af9b-4d24-8f7a-4ef9b581ebd4;c5c53e03-0f10-44fd-934a-7cbe837ed2f9;a554bd43-9c73-417c-943c-40510a72440f;a40237ca-8e5d-40bf-b6db-5caf56957896;9bc99f74-509f-42fb-893f-287ed0945037;c78514d3-e394-4eac-bef4-ce51f5c80f00;53fcb44f-aeb5-4d6a-8972-eb4ba7e2fee6;09177be4-6470-4caa-8c5b-f1bffd2efc89;424225c9-6601-408f-9334-1e015dfac33b;ae7ceabc-f417-4fcb-8df4-9ad50144c99c;6d727049-e2c2-4c94-a1b6-d5ffc2f4af5f;313c8a9c-accc-4579-8a21-ad2633f4545a;5f59014c-2b8b-4a41-9df3-e9cb62830091;95b99409-7509-413e-9dd2-85c2947a62fc;c8840af9-8063-4d61-9232-45a561693511;2181fd83-35d8-4182-88cf-90f982160b50;e601fb8c-c40e-4eec-a5ed-c939b5a24fb5;b9693593-59b7-42c3-9f96-f3ccd6135199;06864a54-9a97-4725-bd73-4f1221acea3f;fb929658-b5b2-4034-8fc6-ec3db328ceb1;d0836841-b137-4050-b8a2-30dc9596819d;989711fd-26b8-4c06-9449-57233d5249e0;c4859f63-d860-4c25-95a2-53a0a4b31d36;c444d0f1-1754-4dd2-b6a2-d91ec014aa50;dfc6a725-88ab-46fb-b851-f710bbbfd235;a153980b-7973-4a42-b640-ec9602eb3dee;1cde479d-e5b7-406f-91e2-ac51bcfa850d;56ec2638-7981-4761-aafc-bea14b176807;f77bbf4c-260a-4def-970c-42484f358942;87b9c1ee-3db5-4387-a4c2-e8cfd4c3f744;b4f3c7a8-5fdb-4f10-8742-2cd515396bd7;1fe1288a-971e-45f2-b1be-37f958b3ba55;67720c42-d0fd-471f-9860-54234f61a8c6;ea53694e-5450-475b-b8de-03d88413f7c1;163ad499-c3d2-4b66-bb90-074967c86bbc;f0420ed4-8a55-4923-bc60-ceb42393831a;a8c74d5e-87be-4d70-9d26-477bcd02ddba;5ae75803-7be9-4a4c-96f3-c2a9e5b63468;71439c15-b862-4d81-abe9-304f09a8592d;c3a4f275-75a4-4d97-9661-7fbebfeb23d5;1610b936-6ea2-4e0f-a324-cf9049eb9c30;283c80b4-4272-4134-98a1-cfbbc4ecea2f;41dca8ee-33e9-449b-9c15-027b573a769e;44d9f34f-b799-4a69-8ad4-f93386392458;66eee6b6-6f0d-465c-991c-9ea17802b0ea;fd3f3698-30e1-468f-991b-ab8ddbbd27e2;905dd4a8-3f28-4d4e-8791-6f9f7b12dd50;0c912a4b-b0ec-4587-86e8-67b3cfd7bcc8;73f73cb7-16c4-478f-ab09-97217fd2909e;63f637e6-3b84-40ee-b3b1-d36713c853d8;ce6e52d7-fae3-430a-ace1-ab8380935595;4cd94658-0c19-49b2-8be9-09ac11f2b089;dbe5bdbe-127d-453c-98c8-23116103a9cd;4719f6a7-d12c-441c-8e0d-307173da72f8;72c87a14-d49e-4216-8c74-fcbdbf5741a0;b93ebf91-54fa-46cb-bff4-7a9dd05b35ef;913b0ca5-b124-4ad9-90f9-a19111d66b19;33033fd5-73cd-4a2f-a4f3-02ffbfef437a;41918440-cf1b-4831-9574-a2371cd8b0d3;2a72b18f-ba81-4f3d-b6ed-7404fd0f95b6;6c573e99-9d8a-4eee-8a68-b6fa47bae25a;4a8f367e-aa6f-40d5-bf75-e97b77916b51;9fdd649e-7475-4755-93d2-a8776a1cfbbe;5e9e96d5-96f0-4a17-88da-8f8240906f95;31d6fd5c-fdc3-43f1-b1b1-e28e15e6aaf6;d814a641-f481-45d9-ae36-31defcc9824d;1bae4c16-0ecf-4a27-a2ad-81d7661a83d9;857c0022-b84f-4695-9c02-92f7394b9974;7b7c8c39-2865-46cb-8f4a-492923cecb73;a40ce0c8-6281-4737-b5df-4013b8ad073a;33f66874-1dfc-4891-9cd2-c49d2eb55253;f687c194-9c74-44ad-9d9e-7248db29ded8;e00c3ac2-1aea-47ce-a599-8c4043cf6218;e8e3a259-5f33-4a1f-a062-398007e00039;1467dec8-a2a5-4812-8050-77f7b7bc4991;d2244ae6-6d40-49c8-8378-a7deec3cdfae;3b7ca5fa-8fdc-410b-9dc0-ac7202d61f28;f6d84b92-5b54-4312-a044-bce4956bd904;8627acf1-8813-40f8-9d5d-bcceefb31e41;34e84545-e018-4ed0-8af7-f6329e23510b;fd7da5c2-0997-4148-97ed-4278758881a3;c51a13a0-406a-4d47-9de3-e11fc90736f1;6447d1f4-807d-4ab9-9f0f-f16a651ae7ea;fc6d8c01-5eb3-45b6-b446-b300cc03c16e;269c8805-8ab7-402c-af7c-b34203687479;b43b5f17-16ec-4fca-a5de-ea193247b040;16405fef-c85b-4169-93ec-b4139412c668;922963ee-f1c4-4e0d-b3b6-6315f2b25025;0d6713cd-1619-48a8-a265-1445119fba6d;995a8201-6571-4ed7-aaba-ceeaccad5cad;dd1d5180-1234-4d22-8dce-77fda8f898fb;18ec7e2c-6a78-49ad-b572-a5bff609f308;70e12877-fdd8-49fd-895f-6aba5281086f;5717b990-ecbb-45f0-b7b6-b1cee7c12000;021f8102-058e-4fdf-96da-acb02d14526b;82e041f7-38cf-40f3-aa12-d62ee74080d6;b0dfe6f7-63a3-4c3b-9cf2-9b83a60d1169;a4db7ae0-4c22-4dd0-9041-6ad0e3e0ec8a;0a9dd5d3-085e-415e-bffa-53a2dac1c50a;84adc88e-8a34-47eb-901f-0356d7529b64;4c4d2766-bae8-4894-b1c1-851e9f18d9fe;e7b7bec2-0c9a-4203-9fa5-84e93571a22c;bd4eec1e-a721-4a0b-b021-470faf9e66aa;c17ca68c-c09a-4b6c-8f98-86d97e14f4ba;a286705a-542d-4d81-9ddf-438fe1d4e58f;fcfb918f-e6df-46b7-8daa-a7f21ff39321;cc9dc6f0-d572-4b3c-8fab-da5849ed9ac4;05b79d5f-fa85-4fda-baae-16ed12ba19ec;757d18b3-d736-4e38-85ee-3a989e0a28fc;ea6f6100-fc76-4e06-b26a-f9b9fe3ed123;f3226860-e78f-40c1-819f-06503ddcff01;00ed1e6a-17d0-4b11-b3c2-512b24e13952;bf7c3e90-87a0-4b00-9bef-04d2b55a1903;9ce56edc-be78-41ff-be3c-407b6f23825a;997bc89a-9a00-41d8-8eb8-2f2eeafaac1f;74c7d4cc-597c-4fd9-9852-b59d90daaa08;158df860-9409-4b8e-b3fd-c8930ad2cf07;39b83dae-7322-4ddd-8f30-7e8d5d39e2c9;1f07dee8-5a06-461a-9e6a-e8b94f95ddc4;153505eb-08ce-4790-8474-5a5f0e386a62;9fef38a2-ab04-4fe8-b4ab-fbb484535859;0cce0ced-d2d9-4c26-beb2-5f29a1dcc7f1;79a20bc6-e25f-4302-a871-56a158ca05ac;8476b5a2-508f-4989-b1f6-57a1febb64fb;38e3c659-bb2e-45e6-ab91-33387d8ab8f1;afa56241-e224-474b-b1b5-ed32b4749a9a;3ce5a240-d69f-4fe3-9aa8-efd3b879628f;cf0f38be-cadc-463a-82ce-642e794f5c41;d7d8f107-ec9e-4c49-86b7-3372c0a6febf;ccbc3fda-985d-48a0-8415-3b2ec47c5f83;a8a1beb2-562f-4a1f-9b5a-681b7f1ad3bc;89466e4f-95b1-423b-8b25-c360f21d84a2;cd1caf1e-486a-4c00-badd-46e05fcb853f;e54d6b0c-fd31-4a22-8d5e-19cf29ed058b;46baa958-cada-44cf-ba1c-a7cffe2766e2;3295d774-226c-47a8-a2b9-2647650a0a40;352f9e54-b1c7-496f-b460-8f059a21750f;15cad3fa-3329-455a-b999-7bcee36f2520;e4dd3ff6-6ce6-494d-b134-dfe4fd6b8242;9c84b476-122f-4fbb-82a4-da4853377adc;0c2112e2-23ce-406b-ac34-e8860530059b;6581fe4a-6b6e-4f6c-b576-1f2a92849696;764989ba-9c30-4170-9a6a-54fe39588bc2;14720576-0ba3-4a14-9d79-0a1fc2e4840e;af91c448-a492-440c-86e0-b7234ea33f23;338a0929-8511-4349-b78d-5ca3cb82a130;a4c78aa1-9585-429e-bd83-b2f1d43ab326;ba43d203-57c2-4a3e-a2d2-db5c79f6b62a;0051a04d-b7c3-4b1c-bcbf-16ad11c7dfcf;b13ad486-fd69-4463-b407-032ba249fac9;848e4615-3fbc-41ed-be6e-e626306766ca;a50ea56d-ac4f-452d-b0c7-e78b7b53945f;d0a6dcb2-5d7a-4169-b919-d578728d8b82;e68f207b-f19f-44d5-aa6e-74b2dc1358b6;efa9ae63-67fe-446f-ae9a-caf4c83972fd;5b51309c-d2a0-47d4-ab2b-3837ca7c3908;795ee678-7d66-4590-9c3b-5964c3f2f4af;8c1c5f91-b7c6-41ec-bd87-f4d783180397;87e84cd4-c1fd-471d-8abb-fab3866a19a0;a7fee938-e127-40f9-a9ea-cd4dece34675;9cbd8bee-af29-4193-8271-7bb9f0fce178;3672f991-7382-4116-87d7-02a4fc3828ae;af46dfa1-8d26-40fa-b0e6-ca58a41f0fc1;2fe53425-e86e-4f29-8bac-5ccecd8d99f7;3eaf3f85-0380-4f5c-8242-dfe32cfd1b25;4eec3338-7765-4cc9-b17b-1cd7a27357e6;4a3d5785-0786-4f43-ab09-d89eccd4bfeb;748e2386-f56e-49f7-b979-e5cacb2d3626;f1a4aee7-a276-4989-af0a-63b8ca50ad5f;ca5a76e1-6dff-4727-b913-ed79508fc11c;f31ae1bf-2055-49c8-88c5-4c7246d6c980;06cae349-2319-4c67-8d4e-3c5e6f6a81da;7924f27d-97bc-4d82-af84-28505aaeb690;a82c9849-8d9a-40ad-a52e-14de5d063881;3c29533f-8abd-4403-ace6-bbfea097c190;4cda8ff5-f4f0-422e-8112-abe518dd81d7;37df3cd0-2532-4490-8cba-88a7960dd5df;d629add0-7cbc-43cf-a007-4b3efd97e8c7;dbeec633-d6e9-438e-b66f-742734c43592;922488eb-977a-4801-83b2-f58f03b9a1ac;64536c36-cb39-42b6-a0ce-a4fdea7724f0;dc27cd50-e78e-4860-8832-579e813822e0;7a47ba73-7a58-45dc-bf32-ec7ee9127054;eeebfc00-2a2e-419e-a3e4-07a54c8ca55b;e44e5ccf-9dc2-42a5-b7e4-da43b529717e;c5023923-7b30-4773-b9cd-009040bddec6;c910c505-d893-4cd3-a12b-6dc926d90f5e;b761e063-d05f-4ce7-889e-43aafee89452;7f338a15-0747-4d10-b061-9e5fda66ba9c;dc73a3f9-6b77-44ad-aeea-2d4ec376aebd;e909ce55-8be4-43f7-91e3-f7c0f8d1eb6f;c197f4e2-270f-43c8-a17f-bbb7264bb564;0b14cfeb-5e04-4c6f-9af6-b57dbbed603f;7d7c8505-0324-4d08-8fb4-933b02ef45c0;a5dfefce-7d4c-4460-9eae-97534d959dab;a6517b41-3eee-4516-97d4-87bf4ab19511;0a4d8b25-107b-4288-9829-55022a6971a3;213b4fe0-e59a-449d-8344-64f9fa4265f8;3366cdb8-9d70-46d7-8316-146f634e9db2;2a0dc0cf-2e99-4436-a8b4-9f2a6f323ae9;8972830a-2709-4b26-b330-5dd7ae0f5c34;af06e1f4-1c11-4396-abdc-27962e9d5b72;b6b5cb42-062c-4a6a-88be-997043a83387;84a6c51e-4f6c-40c2-9fbb-7afca856ddb8;629a784a-1824-4ac8-b4d4-edf7d53d785e;c426a68b-18b5-47bb-bd04-d11b40161d71;54843e09-2667-4f2c-8392-08490ea58bdf;420021b9-821c-4e70-a06e-310f1a5dd2de;5593a449-3791-4c1e-b490-7017aca50529;1c09c8fd-107e-44ad-92f3-5fcdda2ae0da;ecaa244e-8aa3-4ff7-befc-1bf63555ae65;e391425c-4261-4015-a888-76c2e0de6a7a;7bc33308-2593-43ab-8c86-eac2973cc3db;97bbdb7e-f3f7-427f-be41-2631d5be3a49;17895a7f-f9ff-440f-b061-1b06f821ab3d;f24ceb2f-3666-4c1d-81d0-8c3a6c2ca695;2efe418b-dbf1-4323-b00c-6f0e9f4742c3;71d634ea-9605-475c-b4d0-e57389af53b7;d6ec109f-f784-4330-8817-22c2ca064ee6;28726d50-2e0a-4114-b54a-1c0712cb5d0d;b465fa5e-48a0-449c-a4ae-7fb6c47b0b1c;ecc1522e-3555-4c03-b44b-29fd7b57bd95;b05d728f-51e5-44b8-9078-b202995d84b5;1e63f6f2-91b9-4a89-b8fb-53d02e8bde88;f8803ed9-5bb3-4ab5-bb64-bb0c0a8782d3;59421296-fccb-47c2-8a53-cf6d88fa712f;39a557fb-80b7-4511-ba77-386278c06ac8;cfc8c108-918c-455f-ae6f-3689f4cf7a4d;717c5f56-0e62-47cb-a814-31564e6e4427;5e6b1b22-dc36-463e-a0e9-cb70d85f7332;b931912b-d939-4664-b8c9-cbe38e6e7e69;10efce3c-15e5-4b97-888c-c23df205b7aa;96d0c0db-fa13-47b8-96e8-427bc5a44465;b0cedf17-25a7-4831-a8ad-127e49a79637;042d89da-e056-4864-a815-fcce83c01409;77f69dc5-a4cb-48c2-8afd-f0c16030729d;e955332e-a320-476f-a6f6-d517492861cc;18e0eeff-255c-4c11-be96-ca36791f1825;c774420e-e762-46ce-b09a-82aff5681010;62b67a05-02f8-4040-86f4-1ce767a134f7;b0974113-2b79-400a-a07c-4d20dd65f721;910f9ef5-bb9a-487b-bff2-f77e4ebfa512;2f39b6f1-9445-48ea-840b-ddeb1ff8c765;74a623cd-c9e8-42c3-b84a-51e2a6a43e9f;546ca572-a12e-4395-bb4d-5a43f50c1d78;47e9fcf1-e56e-47b9-91c5-e700e9b172f3;9e52617d-1a44-4980-b90b-a81ef01489a0;b027488f-5d9e-4bf1-9de1-7cc30b36bfbc;b78d1e6e-acac-43d1-97c6-cd5994bc990f;b6649954-c601-4af9-9f44-648801b5f89b;cae4b9c8-6146-4739-9ed9-b4e915aa160b;d127802c-f586-4af9-9104-4b18bff78dd9;39858e3d-a4ce-462f-a350-fa97ddf30800;330f48fd-296d-46b2-9985-235f1b866313;160643bc-60d7-463a-9016-783494d9bd78;46e6cf50-ed9e-40f9-bbf8-e6f4397f28f7;255ed648-101f-47de-b56f-d19d472e7c18;1d1e78b4-d4d8-4a04-a3ea-b5ad682a601d;6412edfe-03dc-460c-bd84-6603d81db02a;3ec2be2d-b6b2-431e-81cf-f08fe9274abe;7680fe08-d799-4079-a767-3317b0819c86;8ee1f320-0b69-4444-9935-2e1b7905aa5f;c2406a48-8226-420a-a709-89607fb43741;8bc025be-5888-48b6-9497-0e2dcf67b221;32ebd359-b90c-421d-ae9c-e8cd3de649f9;764a5dc0-4e9d-4836-87cc-911b14d3b62d;4f89b5c5-7f3d-4328-8308-64a5b9a6c689;cb578fab-ae5b-407f-83c6-e1a7f1b72619;1b8cfd57-de98-493b-91db-63babb069bbd;6401ec8e-7fa5-494b-b3a3-f2ac4009aaf5;e37e2895-a7e4-460b-8dfe-36ca844f4feb;f0f1488f-9a61-4ed4-af3a-09660e06dfd6;07b9b921-e76c-4418-b531-d91d22c02960;b6a244ec-3f2c-42ca-93ca-9eb2d251197e;aa2a51ba-6edc-4aaa-80f1-96b760812b12;169b8551-0655-435a-a84b-f68622151928;712c8b0e-7024-4227-a478-e2fcaa9c5093;80611304-692f-4c9a-82e5-f144003bddad;c9ca3975-6cbe-4ec6-a635-797389e47574;851ad1d0-ec2a-4f75-b2f8-e92f34086e69;0012c72e-9a3e-40b3-bd59-f9acb9da62ce;48124d39-7328-4bf4-b681-c16fa1a57e19;83a68594-6ef9-4bc1-a25a-c3ac66378153;989ee366-2324-42a0-947d-bb07423d802b;02ee4fa8-e3b7-4728-8c6e-c13072e9f83b;d1fe5d5a-3986-4fba-8212-b87129f324ed;f013be0c-26be-4375-a93c-aa35204c40c9;dc10fd9b-6ee5-4a74-91ea-df04e402fea8;b52065cb-e810-4edf-a40c-6603064c0d54;8cba3eb6-a72a-456c-8bed-19c872f8fc94;39ee393c-1200-48ab-ad4f-7a7006d6f283;e3a6eb02-b647-468e-9253-ecb2da7bb625;3eb0ebd5-cd6d-489d-a43f-4062856ebf5e;04ca2f92-71c8-422c-84ae-ca298bde31d2;cd5eb665-ef4e-4026-b701-2f5dae9336e6;3388edc8-8113-4048-af1b-f76581b14a4e;f6aff337-3518-4c6b-a4d9-cea80e597ca8;05e8057b-82a9-4915-b8e8-ba9d5b651747;6f1a9809-98c2-4754-b18e-478e2630d337;393ab2d8-8d73-4e33-be46-7f9eaae8186e;a8f6e821-4e9b-4064-8f7d-5fa5437eeaa5;80b6f2e5-cf1f-4c9b-abe6-3b89495b572d;e0ed04cd-540e-4aaa-9ad9-0dc7f46d2aef;41b3cf83-2066-4412-bea2-659b6826c233;515fc420-f6e9-4042-9b62-64e38ef1dc82;27ee9d59-5a63-4b90-b7ca-b93b1dfabcb4;26f775e6-521c-4d68-b09d-684e786dd6c4;0ff8542f-893d-4c2d-8c8a-e6960b48560b;5e4f992e-0035-4d9f-aacd-8c3edd693863;9adf84f2-80d5-4830-a4ac-066508dddcba;3288667b-6ada-48a1-90f0-1cf668334cbc;9760be93-cd47-4ab7-94a1-7a167c691aa0;99cc279e-3a7a-4fe2-9150-e2a3d030fdb3;7a0f13e9-c9b7-446a-aeab-83404acbbf53;c1a94d2a-5c34-473d-b4d8-e6abd9cb88f6;225b5566-266b-4b09-a620-1174649ee2a5;24229142-3aff-4f69-a16c-b641f06daeb7;cffc0d35-6df5-4be4-aea6-5bce3a0907ed;0cfbf274-327f-4cde-9d9a-ffc1661727e6;84d0a31d-33b1-498d-a93e-3332d5fed490;bb20b553-077d-427a-92d5-3043d01fc881;b0689995-134a-4a2c-b3a2-9501e29c5117;aaa8b86c-8d3d-41a7-b117-b39a1bfeee19;e28f70d5-148d-48e5-8c0a-1805b47b0813;732ea1b1-b900-45b7-8e31-b3a793b03764;278c87c4-02c0-472b-a154-04e6650fcf8a;f6309dd0-0435-4fd7-a016-ad3effbe5227;2c3588cd-eca1-4e09-bca0-98610462eb79;c5076f32-50ad-407d-b109-b8609b57805b;b2f8c458-f67c-4e17-9990-7f6c48cf4bee;23da72de-0bc2-437c-a91f-99c22a69c75e;a50a1c5b-20df-4642-a819-9a4d63d26050;b685ea03-26c7-44b1-9034-459f473b81e0;475f4fff-509d-4f59-b6d8-21972804b5b7;652fc7d6-bb48-45ee-9e3b-58131d2c6db5;b7f71678-07d6-4963-8170-1df2321abd22;b409ff0e-9b39-426e-aa50-b49ae33a069e;217e5f2e-e7db-46c4-81ca-8470ff572c83;f588adda-d68e-4bbf-84b7-67de7d34a894;133c86da-6f71-4f5d-ab79-633c6c2cfdd8;541932c2-a20f-4e28-b2f8-8cc3501111ea;a9538315-fd86-4ee1-9125-42ffba52858e;5eca9583-6f77-4212-bb4f-b30ac96f3f0f;9bf7829f-1bb9-4d1c-9b17-607a85c6ca18;99ca39cd-281f-42e5-901c-2c6b5b412b4e;79623411-e2ab-4c5c-98f6-847371999a2f;0f03dc87-0fe7-4acb-8f3a-5f5fc80dedf0;b1078025-6aea-4a7a-8991-cbcfe284c74d;0066a4b3-470d-4766-a6c8-1318b852d30f;e5d9581c-7883-4069-9630-f730907d9286;1bdb98b9-fe91-4beb-8451-1a6bac4841fd;5e9e96d5-96f0-4a17-88da-8f8240906f95;518357e3-1149-48a4-bc9f-e17b0fa1c972;30a2cae6-532b-4ab0-a0c2-0fd6e0853150;2ce793a8-c81e-473f-a8a6-304eb4a8c07a;ba3a8240-93c4-4b25-aef7-31c74f0f7fe2;940dad17-05b5-4ec0-8f81-d6d2a1b8ad07;250a164b-a97f-461f-926a-cb9f0873518a;a9fcb86a-86c1-4b5c-86f9-9eea8bb17309;beec4c0e-76b6-401f-be13-6767a46f2da7;7067645e-302e-4041-b17d-20c31fb58133;20060a65-2f6d-41ea-b541-59e0e57f8381;e25d30a6-d3bd-4278-85c0-9db296c23be4;15ab9503-0715-4973-9723-d8840cd72910;3ad3d61e-eed0-4a1d-ba30-433723f63df3;59059aec-1bd0-404a-9049-a1171b1e06bf;78fc6324-f2ae-4cca-a85b-5ad3c2d965dd;ba70836b-5e7a-4078-b131-e4f7ab254abc;f270eda0-240a-4984-8e61-5f42690e8785;d36b9950-34ac-43ec-9109-814c6b97221f;2866fe52-3b67-42d4-aad4-ac57355eb568;27fe03cb-6879-4811-8baf-437d003b9b13;b41246f9-457d-4370-bd87-b5d2ac916041;51143306-e63d-4e63-a08f-43c3945861b0;b56c7213-1ebb-481e-9cf9-67fa4e8d6103;ad887838-0d95-4682-a32f-9a4de8703036
